INDIRIZZO,DESCRIZIONEFARMACIA,PARTITAIVA,CAP,DESCRIZIONECOMUNE,SIGLAPROVINCIA,DESCRIZIONEPROVINCIA,DESCRIZIONETIPOLOGIA,LATITUDINE,LONGITUDINE
"Via EUGENIO L'EMIRO, 34/36",VERGA SRL,6654320826,90135,PALERMO,PA,PALERMO,Ordinaria,"45,75803406","8,376775811"
"Via Porta Palermo,61",Gattuso Renato,1709960841,92010,BIVONA,AG,AGRIGENTO,Ordinaria,"37,57788911","13,40528909"
"Via Cesare Battisti, 21",Farmacia Imbornone Francesco Dei Dottori Aurelio E Lilla Imbornone S.n.c.,2621410840,92022,CAMMARATA,AG,AGRIGENTO,Ordinaria,"37,63052936","13,69455864"
"Via Vittorio Emanuele, 170",Brancato Calogero,306500844,92023,CAMPOBELLO DI LICATA,AG,AGRIGENTO,Ordinaria,"37,256939","13,918198"
"Salita Convento, 42",Contissa Maria Rosa,97110845,92012,CIANCIANA,AG,AGRIGENTO,Ordinaria,"37,49545522","13,42146646"
"Corso Roma, 3",Gagliano Giuseppina & C.snc,2765280843,92027,LICATA,AG,AGRIGENTO,Ordinaria,"37,15445221","13,91888255"
"Corso Umberto, 3",Fregapane Giuseppina,1708880842,92027,LICATA,AG,AGRIGENTO,Ordinaria,"37,101742","13,937628"
"Corso Vittorio Emanuele, 44",Platamone Della Dr.ssa Mallia Ornella Anna Maria,2659320846,92027,LICATA,AG,AGRIGENTO,Ordinaria,"37,15445221","13,91888255"
"Via Vittorio Emanuele, 29",San Caloiru Picciulu Sas Di D'Anna Assunta,413990839,92028,NARO,AG,AGRIGENTO,Ordinaria,"37,2947224","13,7949651"
"Via Piave, 182",Principato Salvatore Del Dott. Emiliano Cirami,2625430844,92028,NARO,AG,AGRIGENTO,Ordinaria,"37,28936047","13,82142015"
"Via Roma, 86",Terrana Mario,589080845,92014,PORTO EMPEDOCLE,AG,AGRIGENTO,Ordinaria,"37,31044113","13,50704362"
"Via Garibaldi, 246",Antogna Snc Di Antogna Concetta E Antogna Sciascia Teresa,2317890842,92020,RACALMUTO,AG,AGRIGENTO,Ordinaria,"37,40309238","13,75053715"
"Corso Umberto I, 89",Miceli Antonino,170860845,92017,SAMBUCA DI SICILIA,AG,AGRIGENTO,Ordinaria,"37,65551145","13,11391199"
"Via Liberta', 91",Serra Dott. Giuseppe,2709250845,92018,SANTA MARGHERITA DI BELICE,AG,AGRIGENTO,Ordinaria,"37,6912922","13,02560312"
"Via G. Licata, 143",Tagliavia Francesco,132860842,92019,SCIACCA,AG,AGRIGENTO,Ordinaria,"37,54354442","13,10280935"
"Via Via Roma, 180",FARMACIA SCIORTINO S.R.L.,2954700841,92010,SICULIANA,AG,AGRIGENTO,Ordinaria,"37,36022863","13,3872871"
"Via Vittorio Emanuele, 103",Cascioferro Di Bruccoleri Gaetano,2428360842,92020,VILLAFRANCA SICULA,AG,AGRIGENTO,Ordinaria,"37,56518347","13,28079579"
"Via Regione Siciliana, 1",Russo Angelo,120220843,92100,AGRIGENTO,AG,AGRIGENTO,Ordinaria,"37,32219769","13,56610079"
"Via Via Giovanni Battista Peruzzo, 11",FARMACIA VALLE DEI TEMPLI SRL UNI,2901360848,92100,AGRIGENTO,AG,AGRIGENTO,Ordinaria,"37,26457367","13,58034043"
"Via Fosse Ardeatine, 3",Farmacia Moribondo snc,3062530849,92100,AGRIGENTO,AG,AGRIGENTO,Ordinaria,"37,296695","13,55049056"
"Via Palma, 7",Licata Snc Del Dottor Licata Alfonso & C.,2602120848,92027,LICATA,AG,AGRIGENTO,Ordinaria,"37,15445221","13,91888255"
"Via Milano, 30",Guaia Sas Di Rosa Daniela Guaia,2344040841,92014,PORTO EMPEDOCLE,AG,AGRIGENTO,Ordinaria,"37,29105164","13,5249106"
"Via Capitano A. Callea, 72",Maratta Snc Di Maratta Salvatore E Maratta Pier Luigi,2447670841,92026,AGRIGENTO,AG,AGRIGENTO,Ordinaria,"37,319587","13,6615389"
"Via Guglielmo Marconi, 56",Scaduto Maurizio & C. Snc,1871630842,92010,SICULIANA,AG,AGRIGENTO,Ordinaria,"37,36022863","13,3872871"
"Via GIUSEPPE LICATA, 247",FARMACIA VIA LICATA SRLS UNIPERSONALE,2940750843,92019,SCIACCA,AG,AGRIGENTO,Ordinaria,"37,54354442","13,10280935"
Piazza Primavera Fontanelle,Bajo Ettore,1911170841,92100,AGRIGENTO,AG,AGRIGENTO,Ordinaria,"37,3312586","13,5912159"
"Via Principe Di Napoli, 62",Attardo Maria,1946740840,92020,COMITINI,AG,AGRIGENTO,Ordinaria,"37,407941","13,642959"
"Largo S.giuseppe, 4",Amorelli Dott. Pietro,1969410842,92025,CASTELTERMINI,AG,AGRIGENTO,Ordinaria,"37,5405168","13,6410714"
"Viale della Vittoria, 118",Farmacia Sciortino srl,2954700841,92010,MONTALLEGRO,AG,AGRIGENTO,Ordinaria,"37,38871292","13,35215233"
"Corso Roma, 98/98a",Gagliano Gaetano E C. Snc,2013900846,92027,LICATA,AG,AGRIGENTO,Ordinaria,"37,104322","13,9359224"
"Via Cesare Battisti, 6",Ragusa Federica,2849640848,92010,CALAMONACI,AG,AGRIGENTO,Ordinaria,"37,51825785","13,3227302"
"Via Ugo La Malfa, 46/n (Pal. Sciara)",Sammartino Raimondo,2076820840,92100,AGRIGENTO,AG,AGRIGENTO,Ordinaria,"37,3110897","13,5765475"
"Via Vittorio Emanuele, 84",Amato Lilly,2095330847,92026,FAVARA,AG,AGRIGENTO,Ordinaria,"37,31834487","13,67252476"
"Via Cappuccini, 58",Pace G. Di Maurizio Pace,2197750843,92019,SCIACCA,AG,AGRIGENTO,Ordinaria,"37,54354442","13,10280935"
"Via Roma, 24",Arnone Franca,1389230853,93010,SERRADIFALCO,CL,CALTANISSETTA,Ordinaria,"37,4441251","13,95751097"
"Corso Umberto I, 181/183",Centrale-centralfarma Di Drago Calogero E Cosentino Gaetano Snc,1956000853,93100,CALTANISSETTA,CL,CALTANISSETTA,Ordinaria,"37,4891759","14,0631952"
"Via Roma, 80",Di Benedetto Snc Di Di Benedetto Giuseppina E Valeria,1682480858,93018,SANTA CATERINA VILLARMOSA,CL,CALTANISSETTA,Ordinaria,"37,5898663","14,0323146"
"Corso Vittorio Emanuele, 150",Del Corso Del Dr. Iraci Capuccinello Barbara,1417400858,93100,CALTANISSETTA,CL,CALTANISSETTA,Ordinaria,"37,4441251","13,95751097"
"Corso Umberto, 30",Pittari Calogero,79880852,93010,DELIA,CL,CALTANISSETTA,Ordinaria,"37,35320763","13,91936133"
"Via Edmondo De Amicis, 61",Bonasera Vincenzo,59160853,93100,CALTANISSETTA,CL,CALTANISSETTA,Ordinaria,"37,4959694","14,052058"
"Viale Don Bosco, 18",DOTT. VERSO FARMACIE della Dr.ssa Viviana Verso & C. S.n.c.,1806120851,93016,RIESI,CL,CALTANISSETTA,Ordinaria,"37,2798772","14,0840586"
"Via Matteotti, 20",Celestri Della Dr.ssa Rosalia Taranto & C. Snc,1809580853,93011,BUTERA,CL,CALTANISSETTA,Ordinaria,"37,19182523","14,12923834"
"Piazza Europa, 26",Morreale Rosa Maria,1533530851,93010,MONTEDORO,CL,CALTANISSETTA,Ordinaria,"37,45365744","13,82378289"
"Corso Umberto, 5",La Mattina Ignazia,1376540850,93010,CAMPOFRANCO,CL,CALTANISSETTA,Ordinaria,"37,48827047","13,70102274"
"Corso Salvatore Aldisio, 310",Amato Antonino,1443850852,93012,GELA,CL,CALTANISSETTA,Ordinaria,"37,0699581","14,2427681"
"Via Orfanotrofio, 21",Farmacia Catania  Dott. Piero,69410850,93014,MUSSOMELI,CL,CALTANISSETTA,Ordinaria,"37,55613905","13,81682752"
"Via Filippo Paladini, 69",Al Duomo Snc Di Cutrera Domenico & Giamporcaro Mariella Fabiola,1373950854,93100,CALTANISSETTA,CL,CALTANISSETTA,Ordinaria,"37,4441251","13,95751097"
"Piazza S. Giuseppe, 10",Eredi Lanzarotta Franca,1983120856,93013,MAZZARINO,CL,CALTANISSETTA,Ordinaria,"37,26790558","14,24314107"
"Via A. Sciascia, 4 (Vill. S. Barbara)",Pasqualino Della Dr.ssa Fine Alessandra & C. Snc,74560855,93100,CALTANISSETTA,CL,CALTANISSETTA,Ordinaria,"37,4441251","13,95751097"
"Viale Mario Gori, 321",Buscemi Rosa,1606120853,93015,NISCEMI,CL,CALTANISSETTA,Ordinaria,"37,146319","14,394891"
"Via Roma, 43",Volpe M. Concetta,151420858,93013,MAZZARINO,CL,CALTANISSETTA,Ordinaria,"37,26790558","14,24314107"
"Via Castelnuovo, 83",Cucchiara Calogera,1110230859,93010,RESUTTANO,CL,CALTANISSETTA,Ordinaria,"37,68062464","14,05073313"
"Via Cascino, 1/b",Aliotta Anna Maria,1436980856,93012,GELA,CL,CALTANISSETTA,Ordinaria,"37,0699581","14,2427681"
"Via Vittorio Veneto, 172",DOTT. VERSO FARMACIE della Dr.ssa Viviana Verso & C. S.n.c.,1806120851,93016,RIESI,CL,CALTANISSETTA,Ordinaria,"37,2936315","14,08962796"
"Via Cesare Battisti, 14",Dispensario Farmaceutico Dr. Cipolla Valter,370560856,93010,ACQUAVIVA PLATANI,CL,CALTANISSETTA,Dispensario,"37,571744","13,701558"
"Via Giacomo Leopardi, 25/27",Salus Della Dott.ssa Conti Elena Maria & C.,5170670870,95127,CATANIA,CT,CATANIA,Ordinaria,"37,6905726","15,11042574"
"Corso Vittorio Emanuele, 24/26",Sanna F. & C. Snc,205600877,95024,ACIREALE,CT,CATANIA,Ordinaria,"37,63441983","15,16067303"
"Via Vittorio Emanuele, 160",Galluzzo Giacoma di Cuscani Claudia,5430700871,95047,PATERNO',CT,CATANIA,Ordinaria,"37,56706098","14,89962227"
"Via Carrera, 2",Alessi E Palacino S.n.c.,187860879,95043,MILITELLO IN VAL DI CATANIA,CT,CATANIA,Ordinaria,"37,27402837","14,79293298"
"Via Della Concordia, 211",Della Concordia Della Dr.ssa Santangeli Clara,160800876,95121,CATANIA,CT,CATANIA,Ordinaria,"37,4939027","15,0771857"
"Via Carlo Felice Gambino, 52",Del Corso Del Dott. Lo Menzo Francesco,188080873,95131,CATANIA,CT,CATANIA,Ordinaria,"37,50703086","15,08796849"
"Via Umberto, 9",Eredi Dott. De Geronimo Carmelo,202420873,95030,SANT'AGATA LI BATTIATI,CT,CATANIA,Ordinaria,"37,55386175","15,08132036"
"Via Plaia, 97",Zinno,4486150875,95121,CATANIA,CT,CATANIA,Ordinaria,"37,49071759","15,08473421"
"Via Statuto, 255",Tropea Migliore Della Dott.ssa Gabriella Tropea & C. Snc,222850877,95048,SCORDIA,CT,CATANIA,Ordinaria,"37,298047","14,840785"
"Via Vittorio Emanuele, 234",Lavore Della Dott.ssa D'Angelo Giuseppa Agata,5243400875,95047,PATERNO',CT,CATANIA,Ordinaria,"37,56706098","14,89962227"
"Via Duca Degli Abruzzi, 215",Del Transito,187890876,95126,CATANIA,CT,CATANIA,Ordinaria,"37,87869772","14,94500526"
"Piazza S. Agostino, 8",Giada E Giorgia Bua Snc,5189510877,95031,ADRANO,CT,CATANIA,Ordinaria,"37,66350537","14,83461032"
"Viale Guglielmo Marconi, 3/5",Farmacia Del Centro Del Dott. Maccarrone Davide Ezio Srl,4550660874,95030,GRAVINA DI CATANIA,CT,CATANIA,Ordinaria,"37,55482101","15,062748"
"Via Cesare Beccaria, 79",Crocebianca Del Dr. Pantano & Figli Snc,131650871,95123,CATANIA,CT,CATANIA,Ordinaria,"37,5158113","15,078149"
"Via Roma, 311",Russo Venera Daniela,5400890876,95019,ZAFFERANA ETNEA,CT,CATANIA,Ordinaria,"37,69073713","15,10565862"
"Viale Mario Rapisardi, 320",Bellomo G. & S.  Snc,4132000870,95124,CATANIA,CT,CATANIA,Ordinaria,"37,56234256","15,07200301"
"Via Etnea, 400",Farmacia Cerciello Del Dott. Cerciello Fabrizio,8942781215,95128,CATANIA,CT,CATANIA,Ordinaria,"37,61329663","15,02667227"
"Via Dei Platani, 99",Cantarerodei D.ri Cantarero Lorenzo E Paola & C. Snc,4546930878,95023,ACIREALE,CT,CATANIA,Ordinaria,"37,60568222","15,15302614"
Villaggio Sant'Agata Zona B1,Baglio M. Luisa,256520875,95121,CATANIA,CT,CATANIA,Ordinaria,"37,44220831","15,03582932"
"Via VITALIANO BRANCATI, 55",FARMACIA PITTARI SRL,5124840876,95128,CATANIA,CT,CATANIA,Ordinaria,"37,5263289","15,08771923"
"Via Vittorio Emanuele, 196",Frazzetto Maria Stella,235040870,95042,GRAMMICHELE,CT,CATANIA,Ordinaria,"37,22552943","14,61234334"
"Via Etnea, 11",Nicosia Rosa,215110875,95010,MILO,CT,CATANIA,Ordinaria,"37,73513713","15,10294015"
"Via UMBERTO, 54",FARMACIA  CANIGLIA S.R.L.,5093970878,95013,FIUMEFREDDO DI SICILIA,CT,CATANIA,Ordinaria,"37,78860984","15,20698513"
"Via Francesco Crispi, 195",Battiati Marilena,188070874,95131,CATANIA,CT,CATANIA,Ordinaria,"37,50665099","15,09501746"
"Piazza BONADIES, 20",CIBALI DR. SAPUPPO SEBASTIANO,5326470878,95123,CATANIA,CT,CATANIA,Ordinaria,"37,51821112","15,06884651"
"Viale Mario Rapisarda, 349",Panebianco Giustina,4113950879,95123,CATANIA,CT,CATANIA,Ordinaria,"37,44220831","15,03582932"
"Corso Italia, 270",Aquileia Longo Giuseppe Snc,4123090872,95129,CATANIA,CT,CATANIA,Ordinaria,"37,62380835","15,07920155"
"Viale felice fontana, 1",Vittoria della Dott.ssa Bice Cicirata,5159960870,95122,CATANIA,CT,CATANIA,Ordinaria,"37,5125344","15,0384748"
"Via Sebastiano Catania, 198",Marino Sergio,4383250877,95123,CATANIA,CT,CATANIA,Ordinaria,"37,51864259","15,05994491"
"Stradale San Giorgio, 113",Parlato Ivo,4272150873,95121,CATANIA,CT,CATANIA,Ordinaria,"37,49517375","15,0591812"
"Via Via Umberto, 63",Musumeci,4436560876,95040,CAMPOROTONDO ETNEO,CT,CATANIA,Ordinaria,"37,55230844","15,0034093"
"Via Arcoleo, 91",Eredi Dott. Vittorio Traversa,487770877,95041,CALTAGIRONE,CT,CATANIA,Ordinaria,"37,230293","14,52335"
"Via Callipoli, 240",Rapisarda Dei D.ri Maria Antonio E Carmelo Rapisarda Snc,4608800878,95014,GIARRE,CT,CATANIA,Ordinaria,"37,7263946","15,18436"
"Via San D. Savio, 25",San Paolo Snc,600690879,95030,GRAVINA DI CATANIA,CT,CATANIA,Ordinaria,"37,55482101","15,062748"
"Via Giuseppe Garibaldi, 24",Antica Farmacia,599250875,95124,CATANIA,CT,CATANIA,Ordinaria,"37,87589709","14,94407962"
"Via Giuseppe Garibaldi, 380",Condorelli Antonino Fausto,598870871,95045,MISTERBIANCO,CT,CATANIA,Ordinaria,"37,47575611","14,97389962"
"Via Vittorio Emanuele, 16",Ferma Giovanni,702710872,95049,VIZZINI,CT,CATANIA,Ordinaria,"37,16167407","14,75145203"
"Via Umberto, 125",Lucina Della Dott.ssa Scrofani Stefania,3787950876,95129,CATANIA,CT,CATANIA,Ordinaria,"37,82532156","14,86691909"
"Via Petrarca, 11",Fresta Giuliana,5375340873,95047,PATERNO',CT,CATANIA,Ordinaria,"37,53277515","14,85595885"
"Via Passo Gravina, 127",La Cittadella,1805500871,95125,CATANIA,CT,CATANIA,Ordinaria,"37,52164115","15,08217405"
"Via Giuseppe Mazzini, 7",Aiello Alfio,1822430870,95040,RADDUSA,CT,CATANIA,Ordinaria,"37,49371948","14,53394414"
"Via Luigi Sturzo, 34",Mazza Antonino,1959870872,95041,CALTAGIRONE,CT,CATANIA,Ordinaria,"37,238888","14,513193"
"Via Siculo  Orientale, 210",Grasso Elvira,2058570876,95016,MASCALI,CT,CATANIA,Ordinaria,"37,757841","15,196655"
"Via Via Antonio Gramsci, N. 71",FARMACIA  SANT'ANTONIO S.R.L.,5632870878,95030,GRAVINA DI CATANIA,CT,CATANIA,Ordinaria,"37,5651402","15,06425402"
"Via Giovanni Verga, 47",Impellizzeri Sebastiano,1869350874,95024,ACIREALE,CT,CATANIA,Ordinaria,"37,61473634","15,16126946"
"Via Vittorio Emanuele, 146",Vanella Marco,2693090876,95042,GRAMMICHELE,CT,CATANIA,Ordinaria,"37,2136927","14,6374849"
"Piazza San Domenico, 31",Chines,2750440873,95124,CATANIA,CT,CATANIA,Ordinaria,"37,50779581","15,08336814"
"Via San Filippo, 180",Murabito,2826220879,95031,ADRANO,CT,CATANIA,Ordinaria,"37,66530321","14,83306038"
"Via San Gaetano Alle Grotte, 40",Giuffrida Michele,2877890877,95131,CATANIA,CT,CATANIA,Ordinaria,"37,44220831","15,03582932"
"Via Umberto, 271",Rizzo Vincenzo,2970180879,95034,BRONTE,CT,CATANIA,Ordinaria,"37,8270065","14,8670241"
"Via Pidatella, 132",Molina Snc,2952460877,95126,CATANIA,CT,CATANIA,Ordinaria,"37,5257024","15,1007613"
"Viale Mario Rapisardi, 229",Zappala',2992240875,95123,CATANIA,CT,CATANIA,Ordinaria,"37,56234256","15,07200301"
"Via Umberto, 41",Ragusa Vincenzo,3039780873,95043,MILITELLO IN VAL DI CATANIA,CT,CATANIA,Ordinaria,"37,27402837","14,79293298"
"Piazza Umberto I, 8",Famacia Ballaro' Srl,5962410873,95040,SAN CONO,CT,CATANIA,Ordinaria,"37,29119895","14,36552639"
"Via Umberto, 254",Guarnaccia C. & C. Snc,3030770873,95129,CATANIA,CT,CATANIA,Ordinaria,"37,82532156","14,86691909"
"Via Etnea, 79",Motta D. & G. Snc,3015710878,95124,CATANIA,CT,CATANIA,Ordinaria,"37,61329663","15,02667227"
"Piazza Umberto I, 7",FARMACIA CARDIEL S.R.L.,5738390870,95041,CALTAGIRONE,CT,CATANIA,Ordinaria,"37,236952","14,513075"
"Piazza Nettuno, 34",Lo Castro G. & A. Snc,3035560873,95126,CATANIA,CT,CATANIA,Ordinaria,"37,52438576","15,11551217"
"Via Plebiscito, 329",Farmacia San Cristoforo Dr.ssa Tedesco Patrizia,4409760875,95121,CATANIA,CT,CATANIA,Ordinaria,"37,50183933","15,08000976"
"Via Roma, 6",Saporito R. & A. Snc,3038050872,95040,SAN MICHELE DI GANZARIA,CT,CATANIA,Ordinaria,"37,2811155","14,4280042"
"Via Etnea, 212",Pappalardo Claudio,3225970874,95030,MASCALUCIA,CT,CATANIA,Ordinaria,"37,57285481","15,05261918"
"Stradale GELSO BIANCO, 54/A",Farmacia Nicolosi G. & F. snc,2659510875,95100,CATANIA,CT,CATANIA,Ordinaria,"37,4742097","15,0492567"
"Via Marconi, 50",Luppino Giuseppe,3432610875,95012,CASTIGLIONE DI SICILIA,CT,CATANIA,Ordinaria,"37,85593359","15,08380678"
"Viale Della Liberta', 57",Lodi Roberta,3515800872,95129,CATANIA,CT,CATANIA,Ordinaria,"37,6054632","15,1667921"
"Via Galermo, 288/d",Sicilia,3591240878,95131,CATANIA,CT,CATANIA,Ordinaria,"37,44220831","15,03582932"
"Via Giuseppe Garibaldi, 230",Scalia P. & C. Snc,3605180870,95121,CATANIA,CT,CATANIA,Ordinaria,"37,5007219","15,0790551"
"Via Galermo, 270",Zerbo Maria,3626990877,95123,CATANIA,CT,CATANIA,Ordinaria,"37,54345668","15,05393173"
"Via Vittorio Emanuele, 291",Rapisarda Biagino,3172250874,95038,SANTA MARIA DI LICODIA,CT,CATANIA,Ordinaria,"37,61378635","14,89472103"
"Via N. Coviello, 23",Brancato Arturo,4781040821,95030,GRAVINA DI CATANIA,CT,CATANIA,Ordinaria,"37,5184585","15,0899967"
"Piazza Marconi, 4",Leonardi Snc,3596270870,95039,TRECASTAGNI,CT,CATANIA,Ordinaria,"37,61624501","15,07920702"
"Via Roma, 155",Lauria Lucia M. Rita,3728370879,95049,VIZZINI,CT,CATANIA,Ordinaria,"37,18104449","14,77520081"
"Piazza Indipendenza, 17",Distefano  Snc,3713610875,95047,PATERNO',CT,CATANIA,Ordinaria,"37,53277515","14,85595885"
"Via Vittorio Emanuele, 111",Farmacia Gurrisi - La Rosa,5304980872,95049,VIZZINI,CT,CATANIA,Ordinaria,"37,16167407","14,75145203"
"Via Provinciale, 118/a",Patane' Arcangelo,3817820875,95020,ACIREALE,CT,CATANIA,Ordinaria,"37,561202","15,1603709"
"Via Vittorio Emanuele, 184",Bellassai Giovanni,3918960877,95010,SANTA VENERINA,CT,CATANIA,Ordinaria,"37,68481755","15,133073"
"Via Duca Degli Abruzzi, 95",Italia  Sas,2268531205,95127,CATANIA,CT,CATANIA,Ordinaria,"37,87869772","14,94500526"
"Via Messina, 447/e",Li Volsi P. & S. Snc,3924950870,95126,CATANIA,CT,CATANIA,Ordinaria,"37,44220831","15,03582932"
"Piazza Santa Maria Di Gesu', 4",Merlo G. Figli Snc,3976200877,95123,CATANIA,CT,CATANIA,Ordinaria,"37,5115032","15,0791168"
"Via Giuseppe Garibaldi, 328",Plebiscito Snc,3949230878,95122,CATANIA,CT,CATANIA,Ordinaria,"37,5002024","15,0763926"
"Via Vitt. Emanuele, 144",Buttafuoco Campagna,605540863,94011,AGIRA,EN,ENNA,Ordinaria,"37,6021502","14,54684898"
"Via Crisa, 309",Farmacia Pesco Del Dott. Ernesto Pesco & C. Snc,1174330868,94010,ASSORO,EN,ENNA,Ordinaria,"37,6290153","14,4240061"
"Via Conte Ruggero, 5",Fontanazza,1065780866,94010,CALASCIBETTA,EN,ENNA,Ordinaria,"37,5900155","14,272728"
"Via Umberto, 109",Greco Snc,603130865,94010,CENTURIPE,EN,ENNA,Ordinaria,"37,60381843","14,75627043"
"Corso Roma, 43",Occhipinti Antonio,548640861,94010,CERAMI,EN,ENNA,Ordinaria,"37,810654","14,507273"
"Corso Umberto, 24",Eredi Pistone,646050864,94013,LEONFORTE,EN,ENNA,Ordinaria,"37,64475594","14,36552629"
"Corso Umberto, 238",Runfola Giuseppe,358000867,94013,LEONFORTE,EN,ENNA,Ordinaria,"37,64475594","14,36552629"
"Piazza Garibaldi, 32",Eremita Laura,1056950866,94014,NICOSIA,EN,ENNA,Ordinaria,"37,7477137","14,3979388"
Via A. Manzoni,Giusto Lucrezia,1032960864,94015,PIAZZA ARMERINA,EN,ENNA,Ordinaria,"37,48584659","14,32473163"
"Via Guglielmo Marconi, 31-35",L'Antica Farmacia Del Dott. Bonfante Massimo,5473890878,94015,PIAZZA ARMERINA,EN,ENNA,Ordinaria,"37,48584659","14,32473163"
"Via Santa Croce, 12",Farmacia Santa Croce Della D.ssa Cannata Maria Rosa,1236540868,94016,PIETRAPERZIA,EN,ENNA,Ordinaria,"37,419945","14,137069"
"Via G.f. Ingrassia, 77",Terranova Paolo,4225170879,94017,REGALBUTO,EN,ENNA,Ordinaria,"37,6496329","14,6412006"
"Piazza Lanza, 2",Consolo Giovanni,1114290867,94019,VALGUARNERA CAROPEPE,EN,ENNA,Ordinaria,"37,50976429","14,39094012"
"Piazza Vittorio Emanuele, 1",Genco Dei Dott. Genco Concettina E Calogero Massimiliano Snc,23130867,94010,VILLAROSA,EN,ENNA,Ordinaria,"37,5865925","14,1733016"
"Piazza Piazza Gen. Cascino, 15",FARMACIA DEL CENTRO DEL DOTT. SAMMARCO GIUSEPPE E C. S.N.C.,1223140862,94015,PIAZZA ARMERINA,EN,ENNA,Ordinaria,"37,48584659","14,32473163"
"Via Claudiano, 2",Persico Giovanni,1271880864,94100,ENNA,EN,ENNA,Ordinaria,"37,48584659","14,32473163"
"Via Via Bachelet, 59",S. Giorgio Sas,1120250863,94010,ASSORO,EN,ENNA,Ordinaria,"37,5772082","14,45117757"
"Via Salvatore Di Pietro, 23",Ruggieri Sebastiano,3335270835,98050,FONDACHELLI-FANTINA,ME,MESSINA,Ordinaria,"38,00262921","15,1800139"
"Viale Delle Libertà, 11",Cattafi Gaspare,3087300830,98054,FURNARI,ME,MESSINA,Ordinaria,"38,1058791","15,1240206"
"Via Farinata, 9",Germana' Di Di Giorgio Giuseppina,1822960835,98070,SAN MARCO D'ALUNZIO,ME,MESSINA,Ordinaria,"38,0722562","14,6983064"
Via Padre Bernardino,Ioppolo Sas & C.,2130720838,98060,UCRIA,ME,MESSINA,Ordinaria,"38,02764704","14,88464321"
"Via Libera Russia, 1",Martinez & C. Snc,1789490834,98064,LIBRIZZI,ME,MESSINA,Ordinaria,"38,094731","14,977882"
Piazza S. Antonio,Quattrocchi Lucia,2560920833,98030,CASTELMOLA,ME,MESSINA,Ordinaria,"37,86636445","15,25951547"
"Via Roma, 32b",Tambato Antonio,2024130839,98042,PACE DEL MELA,ME,MESSINA,Ordinaria,"38,18752241","15,30509898"
"Via Pineta, 4",Toscano Giovanna,3596760839,98038,SAVOCA,ME,MESSINA,Ordinaria,"37,953262","15,340089"
"Via Piano Baele, 5/6",Antica Farmacia Alioto SRL,3644410833,98057,MILAZZO,ME,MESSINA,Ordinaria,"38,20467002","15,24318481"
"Via Xxiv Maggio, 91 Is. 259",Ammendolia Dr. Ruggeri Lucia E Marco & C. Snc,2841660836,98122,MESSINA,ME,MESSINA,Ordinaria,"38,1940297","15,554114"
"Viale Regina Margherita, 107",Brancato Romanini D.ssa Luisa Brancato,3286160837,98121,MESSINA,ME,MESSINA,Ordinaria,"37,99512715","15,41448645"
Via Garibaldi Is. 451 N° 373,Brancato Della D.ssa Brancato C.la & C.sas,2991350832,98121,MESSINA,ME,MESSINA,Ordinaria,"38,2027729","15,5576981"
"Via Roma, 163",Bucalo & C. Sas,1943290831,98051,BARCELLONA POZZO DI GOTTO,ME,MESSINA,Ordinaria,"38,13272456","15,2274408"
Via 27 Settembre,Collica Dr. Saverio Snc Di Collica Dr. Domenico Dr. Vincenzo,2844650834,98071,CAPO D'ORLANDO,ME,MESSINA,Ordinaria,"38,14029282","14,74074098"
"Piazza Dante, 1",Collova',2840580837,98074,NASO,ME,MESSINA,Ordinaria,"38,12151599","14,773974"
"Via Giuseppe Garibaldi, 513",De Francesco Sebastiano,80590839,98051,BARCELLONA POZZO DI GOTTO,ME,MESSINA,Ordinaria,"38,14479485","15,21137004"
"Via Liberta', 126",Ferraro Eugenio,2826100832,98073,MISTRETTA,ME,MESSINA,Ordinaria,"37,90318433","14,36815817"
"Via Direzione D'Artiglieria, 1",Latteri Francesco,1958550830,98010,MESSINA,ME,MESSINA,Ordinaria,"38,1940297","15,554114"
"Via Giuseppe Garibaldi, 65",FARMACIA DELLO STRETTO S.R.L.,3605530835,98122,MESSINA,ME,MESSINA,Ordinaria,"38,12130871","15,05697932"
"Via Vitt. Emanuele, 60",Mangano Del Dr. Francesco Mangano & C. S.a.s,3361950839,98077,SANTO STEFANO DI CAMASTRA,ME,MESSINA,Ordinaria,"37,9913317","14,36866509"
"Viale Della Liberta', 518-519",Papisca Claudio,2560390839,98121,MESSINA,ME,MESSINA,Ordinaria,"38,1940297","15,554114"
"Piazza Duomo, 9",Ragusa & C. Snc,1928160835,98039,TAORMINA,ME,MESSINA,Ordinaria,"37,85838076","15,27729402"
"Via Monsignore D'Arrigo, 15",Madonna Della Salute Sas Di Ignazion Consiglio E C.,3087660837,98121,MESSINA,ME,MESSINA,Ordinaria,"38,1940297","15,554114"
"Viale Gazzi, 37/a",Zingales Giuseppe,1848660831,98147,MESSINA,ME,MESSINA,Ordinaria,"38,16839839","15,5425145"
"Via Nuova, 21",Trovato Di Manuela Trovato & C. Snc,3241450836,98164,MESSINA,ME,MESSINA,Ordinaria,"38,2651115","15,64092732"
"Piazza San Nicolo', 6",Eredi Nicolacopulu Dr.ssa Alessandra Saglimbeni & C. Snc,2859000834,98127,MESSINA,ME,MESSINA,Ordinaria,"38,15216965","15,50623005"
"Via Calderà, 61",Zangla Marcello,405060831,98051,BARCELLONA POZZO DI GOTTO,ME,MESSINA,Ordinaria,"38,13272456","15,2274408"
"Via Nazionale, 66",Mangano Carlotta,398740837,98161,MESSINA,ME,MESSINA,Ordinaria,"38,10333387","15,50723587"
"Via Pola, 37 B- Fraz. San Giorgio",La Pinta Maria Stella,413990839,98063,GIOIOSA MAREA,ME,MESSINA,Ordinaria,"38,15770663","14,9202854"
"Via Nazionale,137",Chiofalo Giuseppe,387090830,98060,FALCONE,ME,MESSINA,Ordinaria,"38,10406048","15,06713895"
"Via Gesù E Maria, 19 - 21",Comunale,527130835,98078,SAN SALVATORE DI FITALIA,ME,MESSINA,Ordinaria,"38,05826","14,778475"
"Via Nazionale, 57/a",Farmacia Di Valdina Della D.ssa Danze' Adele,3013300839,98040,VALDINA,ME,MESSINA,Ordinaria,"38,2262792","15,395357"
"Via Umberto, 221   223",FARMACIA MIRANTI S.R.L.,3647790835,98063,GIOIOSA MAREA,ME,MESSINA,Ordinaria,"38,15770663","14,9202854"
"Via Messina,49/9",Di Giuseppe Lina,771360831,98060,MONTALBANO ELICONA,ME,MESSINA,Ordinaria,"38,024661","15,012681"
"Via Umberto I, 309",Zahami Arena & C. Snc,2859630838,98026,NIZZA DI SICILIA,ME,MESSINA,Ordinaria,"37,9924427","15,4114155"
"Via S. Onofrio, 75",Pino Pina Sara,15112,98032,CASALVECCHIO SICULO,ME,MESSINA,Ordinaria,"37,98240206","15,278431"
"Via M. Garufi, 32",Bruno Concetta,965510837,98037,LETOJANNI,ME,MESSINA,Ordinaria,"37,878273","15,305452"
"Via Risorgimento, 188",Garufi Tommasa,1411120833,98020,PAGLIARA,ME,MESSINA,Ordinaria,"37,972965","15,380958"
"Via Liberta', 48",Cucinotta Orazio,1507140836,98050,LENI,ME,MESSINA,Ordinaria,"38,5566649","14,82655633"
"Rione Aldisio - Via Scipione Errico, 103",Fiandaca,1634690836,98147,MESSINA,ME,MESSINA,Ordinaria,"38,1940297","15,554114"
"Via Provinciale, 1",Ilacqua Antonella Maria,1647520830,98040,ROCCAVALDINA,ME,MESSINA,Ordinaria,"38,17797215","15,38022616"
"Viale San Martino, 183 Is. 124",Pinnizzotto & C. Snc Messina,2929120836,98123,MESSINA,ME,MESSINA,Ordinaria,"38,1940297","15,554114"
"Santa Margherita - Piazza Chiesa, 13",Scoglio Letteria,1748130836,98136,MESSINA,ME,MESSINA,Ordinaria,"38,1940297","15,554114"
"Via Cavour, 2",FARMACIA MIRANTI LUISA &amp; C. S.A.S.,3645840830,98070,CASTEL DI LUCIO,ME,MESSINA,Ordinaria,"37,88286531","14,29543306"
"Via G. Martino, 19",FARMACIA GENOVESE DI SCHIRO' BETTY & C. S.A.S.,3440020836,98051,BARCELLONA POZZO DI GOTTO,ME,MESSINA,Ordinaria,"38,13272456","15,2274408"
Piazza Principe Umberto I,Ristagno Graziella,1782810830,98155,MESSINA,ME,MESSINA,Ordinaria,"38,1940297","15,554114"
"Via Longano, 1",Venuto Angela,1901790830,98051,BARCELLONA POZZO DI GOTTO,ME,MESSINA,Ordinaria,"38,13272456","15,2274408"
"Via San Francesco Di Paola,39",Maiorana Stefano Mauro,1901680833,98051,BARCELLONA POZZO DI GOTTO,ME,MESSINA,Ordinaria,"38,13272456","15,2274408"
"Via Nazionale, 330",Farmacia Macchia S.a.s. Di R. Badessa E C.,3529340832,98040,ROMETTA,ME,MESSINA,Ordinaria,"38,2303886","15,4084625"
"Ponte Zaera, 8 Ang. Viale Europa",Pirri,1963690837,98124,MESSINA,ME,MESSINA,Ordinaria,"38,1940297","15,554114"
"Via Nazionale, 163  Resid.sud 80 - Ctr.runci",Tambato Giuseppina,2574770836,98135,MESSINA,ME,MESSINA,Ordinaria,"38,10333387","15,50723587"
"Largo S. Pantaleone, 16",Lanza Maria E.n.,2143990832,98070,ALCARA LI FUSI,ME,MESSINA,Ordinaria,"38,022471","14,701457"
"Via Mazzullo, 110",Mastroeni Di Maria Eugenia Salvo & C. Sas,2915650838,98020,MANDANICI,ME,MESSINA,Ordinaria,"38,01210136","15,32667603"
"Via Roma, 14",FARMACIA DEI DOTTORI LOMBARDO SERGIO E NASTASI ANGELA S.N.C.,3537620837,98040,CONDRO',ME,MESSINA,Ordinaria,"38,1733162","15,3268126"
"Corso Calatafini, 210",Barone Maria Vita,154140826,90129,PALERMO,PA,PALERMO,Ordinaria,"38,13022074","13,33094987"
"Piazza Della Chiesa S.a. Dei Liguori, 31",Farmacia Borsellino Dr. Riccardo Listro,5257230820,90145,PALERMO,PA,PALERMO,Ordinaria,"38,13022074","13,33094987"
"Via Giuseppe Pitrè, 118/d",Consiglio Dino,312070824,90135,PALERMO,PA,PALERMO,Ordinaria,"38,1104391","13,3282173"
"Via Emerico Amari, 2",Li Calzi Giuseppe,264710823,90139,PALERMO,PA,PALERMO,Ordinaria,"38,12508965","13,35757542"
"Viale Michelangelo, 1938",Maniscalco Adele,274660828,90135,PALERMO,PA,PALERMO,Ordinaria,"38,13555785","13,31607233"
"Corso Calatafimi, 464",Eredi Di Elena D.ssa Verga Sdf,5745750827,90129,PALERMO,PA,PALERMO,Ordinaria,"38,10305774","13,33033886"
"Via Maqueda, 13",Teresi Maria,205010820,90133,PALERMO,PA,PALERMO,Ordinaria,"38,11842052","13,35968901"
"Piazza Mazzini, 8",Cicero Antonietta,15212,90010,ISNELLO,PA,PALERMO,Ordinaria,"37,91477662","14,00688729"
"Via Vittorio Emanuele, 85",Eredi Cirrito Francesco,5213250821,90022,CALTAVUTURO,PA,PALERMO,Ordinaria,"37,79253029","13,91358552"
"Viaettore Maiorana, 27",Tortorici Ivan,1488560820,90019,TRABIA,PA,PALERMO,Ordinaria,"37,98842301","13,61226055"
"Via Cavour, 80",Licari Giuseppe,176880821,90020,VICARI,PA,PALERMO,Ordinaria,"37,79342105","13,56899256"
"Via Vittorio Emanuele, 54",Morreale Tiziana,232110825,90018,TERMINI IMERESE,PA,PALERMO,Ordinaria,"37,95990094","13,7408497"
"Corso Umberto, 57",Pisciotta Leda Snc,6008820828,90010,GRATTERI,PA,PALERMO,Ordinaria,"37,9741307","13,97862067"
"Via Umberto I, 172",Micciche' Giuseppe,164620825,90048,SAN GIUSEPPE JATO,PA,PALERMO,Ordinaria,"37,97117925","13,17763964"
"Via Della Liberta`, 17/a",Angilella Salvatore E Dario Snc,5498440824,90139,PALERMO,PA,PALERMO,Ordinaria,"38,12759269","13,35372167"
"Via Madonna del Ponte, 13",FARMACIA M. SS. DEL PONTE SRL,6797070825,90041,BALESTRATE,PA,PALERMO,Ordinaria,"38,051425","13,007855"
"Corso Vittorio Emanuele, 236",Ganguzza Lorenzo,6396200823,90039,VILLABATE,PA,PALERMO,Ordinaria,"38,07779412","13,4426706"
"Corso Butera, 32",Aiello Teresa,119240828,90011,BAGHERIA,PA,PALERMO,Ordinaria,"38,08454883","13,50601688"
"Via Dante, 59",Siagura Luigi,131720823,90141,PALERMO,PA,PALERMO,Ordinaria,"38,12285979","13,34701925"
"Piazza Castelreale, 1",Ruffino Giovanni,227720828,90020,SCIARA,PA,PALERMO,Ordinaria,"37,9143735","13,7622167"
"Via Cavour, 96",Antica Farmacia Cavour,6211640823,90133,PALERMO,PA,PALERMO,Ordinaria,"38,08617602","13,53755206"
"Corso Calatafimi, 415",Polizzi Rosalia,237630827,90129,PALERMO,PA,PALERMO,Ordinaria,"38,10305774","13,33033886"
"Via Iv Aprile, 173",Taravella Cruciano,160240826,90036,MISILMERI,PA,PALERMO,Ordinaria,"38,01763855","13,43801085"
"Via Archimede, 182",Menni Giovanni,140810821,90139,PALERMO,PA,PALERMO,Ordinaria,"38,08017221","13,28856818"
"Strada Statale 120, Km 65,600",La Cara Giuseppe,288370828,90026,PETRALIA SOPRANA,PA,PALERMO,Ordinaria,"37,78365003","14,12517061"
"Via Palmerino, 18/h",Guccione Matteo,190100826,90129,PALERMO,PA,PALERMO,Ordinaria,"38,09679876","13,33080971"
"Corso Tukory, 190",Genovese Diego,190060822,90134,PALERMO,PA,PALERMO,Ordinaria,"38,10801535","13,35639875"
"Piazza Umberto I, 23",Panzeca Emanuela,5962050828,90018,TERMINI IMERESE,PA,PALERMO,Ordinaria,"37,9865328","13,6950116"
"Via Vito Cesare Piazza, 19",Barone Mario,536610827,90129,PALERMO,PA,PALERMO,Ordinaria,"38,13022074","13,33094987"
"Corso Vittorio Emanuele, 516",D'Anna Fabio,643030828,90039,VILLABATE,PA,PALERMO,Ordinaria,"38,07779412","13,4426706"
"Via Bartolomeo Berrettaro, 22/24",Farmacia Cali' Maria Gabriella,617560826,90145,PALERMO,PA,PALERMO,Ordinaria,"38,11842052","13,35968901"
"Via Messina Marine, 795",Di Figlia Laura,5256660829,90121,PALERMO,PA,PALERMO,Ordinaria,"38,09617774","13,42503112"
"Corso P. Novelli, 71",Pedone Giuseppa & C. Snc,5530090827,90046,MONREALE,PA,PALERMO,Ordinaria,"38,0810713","13,2894297"
"Via Aloi, 3c",Tripi Del Dr. Francesco Miraglia,205040827,90133,PALERMO,PA,PALERMO,Ordinaria,"38,08016691","13,35410226"
"Corso Umberto, 73",Di Marco Pietro,2542500828,90020,BAUCINA,PA,PALERMO,Ordinaria,"37,9254289","13,5377102"
"Via Strang, 4",La Marca Vincenza,2555900824,90010,CERDA,PA,PALERMO,Ordinaria,"37,89396817","13,82317541"
"Corso Dei Mille, 179",Provenzani Carlo,164810822,90123,PALERMO,PA,PALERMO,Ordinaria,"38,10773708","13,37188681"
"Via Liberta`, 156",Di Pietro Maria,3318190828,90010,POLLINA,PA,PALERMO,Ordinaria,"38,0197753","14,164229"
"Via Guglielmo Marconi, 51",Raccuglia Giuseppe,2510520824,90040,TORRETTA,PA,PALERMO,Ordinaria,"38,14202624","13,2398964"
"Corso Roma, 99",Farmacia Del Corso Di Scrozzo Amalia,6554860822,90042,BORGETTO,PA,PALERMO,Ordinaria,"38,0470372","13,1420902"
"Via Ponte Di Mare, 77",Sant'Erasmo,5632540828,90123,PALERMO,PA,PALERMO,Ordinaria,"38,11175745","13,37836688"
"Corso Filangeri, 136",Ciancio Silva,3625280825,90017,SANTA FLAVIA,PA,PALERMO,Ordinaria,"38,08362729","13,52969535"
Via Xxiv Maggio,Giaccone Benedetto,2850950821,90032,BISACQUINO,PA,PALERMO,Ordinaria,"37,73003989","13,21680196"
"Via Gustavo Roccella, 49",Farmacia Roccella Snc Di Anna Maria Marascia E C.,6590840820,90128,PALERMO,PA,PALERMO,Ordinaria,"38,0968251","13,34902266"
"Via Volturno, 83",Lauricella Giuseppina,3772800821,90138,PALERMO,PA,PALERMO,Ordinaria,"38,11973734","13,35481844"
"Via Vito La Mantia, 101",Roxas Giovanbattista,3785300827,90138,PALERMO,PA,PALERMO,Ordinaria,"38,13022074","13,33094987"
"Via Catania, 19",Blesi Margherita,3877550826,90020,ALIMENA,PA,PALERMO,Ordinaria,"37,67641798","14,12206423"
"Via Via Cruillas, 3/C",Cipolla Roberto,6671340823,90146,PALERMO,PA,PALERMO,Ordinaria,"38,14401724","13,31823079"
"Via Roma, 207",Di Naro Sante,3970770826,90133,PALERMO,PA,PALERMO,Ordinaria,"38,1313676","13,18377036"
"Via Isidoro La Lumia, 2",Ciancio Sonia,4018830820,90139,PALERMO,PA,PALERMO,Ordinaria,"38,1260768","13,3580636"
"Via Poste, 16",Riccobene Rosaria,4010010827,90020,BOMPIETRO,PA,PALERMO,Ordinaria,"37,70251464","14,1204042"
"Via BRUNETTO LATINI, 14",FARMACIA SPARTI DOTT. FABIO,6909290824,90142,PALERMO,PA,PALERMO,-,"38,12306419","13,35005502"
"Via Castellana, 154",Vita Margherita & C. Snc,4141350829,90100,PALERMO,PA,PALERMO,Ordinaria,"38,12570372","13,30181672"
"Via M. Toselli, 83",Indelicato Ilario,4150450825,90143,PALERMO,PA,PALERMO,Ordinaria,"38,13698","13,3520197"
"Via Chiesa, 79",Di Salvo Giovanna & C. Snc,4149150825,90010,SANTA FLAVIA,PA,PALERMO,Ordinaria,"38,06201305","13,51789217"
"Via Roma, 13",Battaglia Dott. Anna,4206690820,90015,CEFALU',PA,PALERMO,Ordinaria,"38,00010842","14,02433022"
"Via Giovanni Falcone E Paolo Borsellino, 82",Martorana Maria Francesca,4134210824,90035,MARINEO,PA,PALERMO,Ordinaria,"37,94696877","13,41767325"
"Corso Roma, 49",Amato Angela,4213370820,90042,BORGETTO,PA,PALERMO,Ordinaria,"38,04223752","13,15642078"
"Via D`ossuna, 177",Triolo Livia & C. Snc,4234370825,90138,PALERMO,PA,PALERMO,Ordinaria,"38,11550471","13,35040495"
"Via Vittorio Emanuele, 4",Ditta Dario,4253060828,90040,MONREALE,PA,PALERMO,Ordinaria,"37,92511241","13,178106"
"Via Roma, 2",Di Giorgio Di Arcuri Marisa & A. Snc,4042040826,90033,CHIUSA SCLAFANI,PA,PALERMO,Ordinaria,"37,67120728","13,29398245"
"Piazza V. Veneto, 11",Figuccia Clara,4323710824,90143,PALERMO,PA,PALERMO,Ordinaria,"38,13022074","13,33094987"
"Via Alcide De Gasperi, 221",Tiberio V. & M.t. Snc,4025090822,90146,PALERMO,PA,PALERMO,Ordinaria,"38,15075362","13,33697715"
"Via Imera, 1/b",Cucchiara Carlo Alberto,2809940840,90138,PALERMO,PA,PALERMO,Ordinaria,"38,11528576","13,34951932"
"Via Gino Zappa, 144",Tulone Libero E C. Snc,4344640828,90146,PALERMO,PA,PALERMO,Ordinaria,"38,17832093","13,31231513"
"Viale Delle Alpi, 85/a",Viola Valeria,4332320821,90144,PALERMO,PA,PALERMO,Ordinaria,"38,07680789","13,43784568"
"Largo Edoardo Alfano, 3",Timoneri Luigi Snc,4050400821,90139,PALERMO,PA,PALERMO,Ordinaria,"38,1282808","13,3585952"
"Piazza Duomo, 19",Guzzetta Maria Gabriella,5268140828,90044,CARINI,PA,PALERMO,Ordinaria,"38,13143354","13,18135028"
"Via Galileo Galilei, 123",Sanfilippo Snc,4373220823,90145,PALERMO,PA,PALERMO,Ordinaria,"38,13176369","13,33419643"
"Via San Martino, 98",Rizzo Daniela,4382230821,90034,CORLEONE,PA,PALERMO,Ordinaria,"37,79949612","13,31669517"
"Viale Europa, 151/c",Europa Snc Dei Dr.i Liotta Alessandra E Scardina Pietro Massimiliano,6505670825,90039,VILLABATE,PA,PALERMO,Ordinaria,"38,07668761","13,44215646"
"Via Via Maqueda, 189",FARMACIA FERRARA SNC,4280600828,90133,PALERMO,PA,PALERMO,Ordinaria,"38,11842052","13,35968901"
"Via Ss. Salvatore, 19",Franco Maria Giuseppina,4519230827,90010,GERACI SICULO,PA,PALERMO,Ordinaria,"37,85228879","14,17253559"
"Via Dante, 15/a",Tedesco Pietro,4565250828,90141,PALERMO,PA,PALERMO,Ordinaria,"38,12285979","13,34701925"
"Viale Strasburgo, 306",Zasa Snc,4566630820,90146,PALERMO,PA,PALERMO,Ordinaria,"38,16373565","13,3196278"
"Via Cavour, 79",Valerio Caterina,4689370825,90133,PALERMO,PA,PALERMO,Ordinaria,"38,08617602","13,53755206"
"Via Manzoni, 74",Fatta Della Dr.ssa Luisa Cirrito,4728880826,90022,CALTAVUTURO,PA,PALERMO,Ordinaria,"37,822085","13,890256"
"Corso Calatafimi, 71",Orecchio Maria Teresa,4717880829,90129,PALERMO,PA,PALERMO,Ordinaria,"38,10305774","13,33033886"
"Via Simone Cuccia, 13/15",Giardina Anna,4718340823,90144,PALERMO,PA,PALERMO,Ordinaria,"38,14005048","13,34387603"
"Piazza Falcone Borsellino Magistrati, 1",Farmacia Lo Nigro Sas Di Lo Nigro Dorotea Maria Lucia,6337730821,90030,ALTOFONTE,PA,PALERMO,Ordinaria,"38,03338035","13,31945695"
"Via Xxvii Maggio, 32",Simonetti Antonio,4761340829,90122,PALERMO,PA,PALERMO,Ordinaria,"38,09637162","13,40416224"
"Via Roma, 6",Glorioso Alessandra,2100250824,90046,MONREALE,PA,PALERMO,Ordinaria,"38,08112495","13,2893929"
"Via SERRADIFALCO, 133/A",SCIASCIA MARCO,4766800827,90133,PALERMO,PA,PALERMO,Ordinaria,"38,1313676","13,18377036"
"Via San Giuseppe, 127",Gentile Gioacchino,1548220829,90010,ALTAVILLA MILICIA,PA,PALERMO,Ordinaria,"38,0415037","13,5476031"
"Corso Dei Mille, 665",D'Angelo Snc,4870330828,90123,PALERMO,PA,PALERMO,Ordinaria,"38,10773708","13,37188681"
"Corso Ruggero, 144",Cirincione Snc,4860850827,90015,CEFALU',PA,PALERMO,Ordinaria,"38,03858354","14,02202032"
"Piazza San Francesco, 10",Gristina Snc,4817570825,90038,PRIZZI,PA,PALERMO,Ordinaria,"37,7221352","13,42825"
"Via Aspromonte, 95/97",Farmacia Linfa S.r.l.,10036670965,90144,PALERMO,PA,PALERMO,Ordinaria,"38,14108891","13,33192187"
"Corso P. Agliata, 156",Abbate Sas,4791760822,90027,PETRALIA SOTTANA,PA,PALERMO,Ordinaria,"37,8074591","14,0928074"
"Viale Strasburgo, 202",Strasburgo Snc,4895960823,90146,PALERMO,PA,PALERMO,Ordinaria,"38,16373565","13,3196278"
"Via Schiuti, 77/h",San Michele Snc Di Pipi E. E D'Alessandro D.,5255600826,90144,PALERMO,PA,PALERMO,Ordinaria,"38,13022074","13,33094987"
"Via Roma, 13",Santa Cristina Snc,4558830826,90030,SANTA CRISTINA GELA,PA,PALERMO,Ordinaria,"37,984428","13,3292162"
"Piazza Castelnuovo, 21",Del Centro Snc Dr.sse Colluva' A.m. E Lombardo B.m.,4965840822,90141,PALERMO,PA,PALERMO,Ordinaria,"38,12451033","13,35525124"
"Via Mariano Stabile, 177",Inglese Sas,5855020821,90142,PALERMO,PA,PALERMO,Ordinaria,"38,12315367","13,35830491"
"Via Dell'Ermellino, 28",Ruggeri Snc Delle Dr.sse Letizia E Maria Teresa Ruggeri,4916470828,90125,PALERMO,PA,PALERMO,Ordinaria,"38,08680374","13,36308032"
"Corso Baldassare Scaduto, 135",Farmacia Scaduto Di Scaduto Nunzio S.a.s.,5016370826,90011,BAGHERIA,PA,PALERMO,Ordinaria,"38,07619955","13,49707364"
"Piazza A. Cataldo, 10",Romano Urania Maria,5046830823,90040,CAPACI,PA,PALERMO,Ordinaria,"38,171383","13,239295"
"Via Maqueda, 49",Tortorici Snc,4144010826,90133,PALERMO,PA,PALERMO,Ordinaria,"38,11842052","13,35968901"
"Via Roma, 1",Della Stazione Centrale Snc,5068370823,90133,PALERMO,PA,PALERMO,Ordinaria,"38,1313676","13,18377036"
"Via F.g. Vitale, 91",Brucato Di Brucato Maria & C. Snc,4032280820,90024,GANGI,PA,PALERMO,Ordinaria,"37,7966504","14,2059064"
"Via Vittorio Alfieri, 11",Di Stefano Grazia,15510,92010,LAMPEDUSA E LINOSA,AG,AGRIGENTO,Ordinaria,"35,50306076","12,61486082"
"Viale Dei Platani, 112",Antoci  Di Antoci Carlo,1433250881,97100,RAGUSA,RG,RAGUSA,Ordinaria,"36,91776232","14,71396068"
"Via Corso Umberto, 86",farmacia aquiletta denaro srl,1724750888,97014,ISPICA,RG,RAGUSA,Ordinaria,"36,78614108","14,90657614"
"Via Corso Italia, 303",Farmacia Giampiccolo srl,1699100887,97100,RAGUSA,RG,RAGUSA,Ordinaria,"36,87230351","14,76119524"
"Via Xxv Luglio, 361",Albani Gaetano,1585360884,97013,COMISO,RG,RAGUSA,Ordinaria,"36,96394265","14,59410392"
"Via Montesano, 5",Incardona Luigi,283130888,97012,CHIARAMONTE GULFI,RG,RAGUSA,Ordinaria,"37,04452765","14,65411532"
"Via Garibaldi, 465",Emaia Di Cali' Maria Rita E Paolo Snc,1473360889,97019,VITTORIA,RG,RAGUSA,Ordinaria,"36,95692426","14,49619784"
"Via Via Nino Bixio, 15",FARMACIA EREDI DI LOSI LUIGI DI BELLINO MARIA ANNA E C. S.N.C.,1780920888,97016,POZZALLO,RG,RAGUSA,Ordinaria,"36,7267655","14,8446816"
"Corso Garibaldi, 67",Pacetto Del Dott. Antonio Platania,1523870887,97018,SCICLI,RG,RAGUSA,Ordinaria,"36,7765799","14,69785596"
"Via Majorana, 6",Tavormina Girolamo,407530880,97012,CHIARAMONTE GULFI,RG,RAGUSA,Ordinaria,"37,04452765","14,65411532"
"Via Orfanotrofio, 21",Ottaviano Concetta,135810885,97100,RAGUSA,RG,RAGUSA,Ordinaria,"36,9269788","14,74443693"
"Piazza Rimembranza, 63",Scalia Carmela,217480888,97016,POZZALLO,RG,RAGUSA,Ordinaria,"36,727248","14,847622"
Via Sorda Sampierini 5/a,Amore Raffaele Di Amore Raffaele & C. S.n.c.,1562160885,97015,MODICA,RG,RAGUSA,Ordinaria,"36,85389858","14,82264719"
"Via ROMA, 161/C",FARMACIA ROMA S.R.L.,1767330887,97019,VITTORIA,RG,RAGUSA,Ordinaria,"36,95692426","14,49619784"
"Via Roma, 26",Carnazzo Maurizio,822070884,97017,SANTA CROCE CAMERINA,RG,RAGUSA,Ordinaria,"36,82529722","14,52356851"
"Corso Vittorio Emanuele, 270",Incardona,826410888,97013,COMISO,RG,RAGUSA,Ordinaria,"36,94613985","14,60941375"
"Via Gianforma, 82",Vindigni Massimo,865530885,97010,MODICA,RG,RAGUSA,Ordinaria,"36,85389858","14,82264719"
"Via Gen. Girlando, 5/a",Amato Salvatrice E Vincenzo Snc,934530882,97013,COMISO,RG,RAGUSA,Ordinaria,"36,949872","14,609552"
"Corso Vittorio Veneto, 122",Di Natale Emanuela,976870881,97100,RAGUSA,RG,RAGUSA,Ordinaria,"36,92728984","14,71496673"
"Via Nazionale, 308",Roccasalva Sabina,1026820884,97015,MODICA,RG,RAGUSA,Ordinaria,"36,84967365","14,76478837"
"Via Duca D'Aosta, 22",Antica Farmacia Di Sparacino Marco A. E Maltese L. Snc,1039740889,97018,SCICLI,RG,RAGUSA,Ordinaria,"36,7930564","14,7074619"
"Via Vittorio Emanuele, 2",Eredi Gulle',961250883,97010,MONTEROSSO ALMO,RG,RAGUSA,Ordinaria,"37,07695987","14,74108235"
"Via Cavour, 133 - 135",Iacono Gaetana & Antonio Snc,1113180887,97019,VITTORIA,RG,RAGUSA,Ordinaria,"36,95499245","14,5295373"
"Corso Umberto I, 76",Azzara E Garretto Snc,1160510887,97012,CHIARAMONTE GULFI,RG,RAGUSA,Ordinaria,"37,03151455","14,7006581"
"Via Risorgimento, 89",Eredi Meli Di Rosalia Ed Elisa Giampiccolo S.n.c.,1180930883,97100,RAGUSA,RG,RAGUSA,Ordinaria,"36,91656068","14,72671366"
"Corso Regina Elena, 8",Guccione Dei Dr.i Giorgio Guccione Ed Emanuela Guccione Snc,1144550884,97015,MODICA,RG,RAGUSA,Ordinaria,"36,8653004","14,7629779"
"Via Via Vittorio Emanuele, 104",Nigro Giovanna,2085730899,96010,MELILLI,SR,SIRACUSA,Ordinaria,"37,17956711","15,1239279"
"Via Ducrezio, 49",Rubino Di Lanteri S. E C. Snc,55710891,96017,NOTO,SR,SIRACUSA,Ordinaria,"36,91237347","15,01984623"
"Piazza Del Popolo, 15",Bongiorno Giuseppe,35320894,96010,PALAZZOLO ACREIDE,SR,SIRACUSA,Ordinaria,"37,06180748","14,90431092"
"Via Umberto, 71",Rizzo Sebastiano,55560890,96010,SORTINO,SR,SIRACUSA,Ordinaria,"37,14024162","15,03768457"
"Via Garibaldi, 41",Costa Corrado,124400896,96017,NOTO,SR,SIRACUSA,Ordinaria,"36,894463","15,072765"
"Via Nazionale, 177",Li Destri Anna Maria,181310897,96010,SIRACUSA,SR,SIRACUSA,Ordinaria,"37,0714069","15,2829873"
"Via Necropoli Grotticelle, 25/d",Caruso Di Caruso Salvatore,1557590898,96100,SIRACUSA,SR,SIRACUSA,Ordinaria,"37,080336","15,2776014"
"Via Vittorio Emanuele, 95",D'Agata Dr Lentini,9262421002,96010,PORTOPALO DI CAPO PASSERO,SR,SIRACUSA,Ordinaria,"36,67286268","15,10066252"
"Via Guglielmo Marconi, 71",Strazzeri Luigi & C. Snc,1892040898,96013,CARLENTINI,SR,SIRACUSA,Ordinaria,"37,2873945","15,00294922"
"Via Filiberto, 213",Cosentino Maurizio,468850896,96015,FRANCOFONTE,SR,SIRACUSA,Ordinaria,"37,22699099","14,8661441"
"Via Diaz, 13",Cocuzza Massimo Snc M. & C.,1562050896,96015,FRANCOFONTE,SR,SIRACUSA,Ordinaria,"37,22699099","14,8661441"
"Corso Giacomo Matteotti, 53",Mangiafico Serafina,717220891,96100,SIRACUSA,SR,SIRACUSA,Ordinaria,"37,0714069","15,2829873"
"Viale EPIPOLI, 180/B",FARMACIA DOTTORI PAPPALARDO MARGHERITA E AGATINO S.A.S.,2057830891,96100,SIRACUSA,SR,SIRACUSA,Ordinaria,"37,0839958","15,2513996"
"Via Via Gramsci, 4",Farmacia Zivillica SRL,2009180890,96010,FERLA,SR,SIRACUSA,Ordinaria,"37,13363842","14,93239804"
"Via Grotta Santa, 69",FARMACIA DEL VIALE SAS DEL DOTT. ANDREA RICCOBONO & C TERZA SEDE,1851840890,96100,SIRACUSA,SR,SIRACUSA,Ordinaria,"37,0714069","15,2829873"
"Via Principe Umberto, 170",Galardi Marco,1942820893,96011,AUGUSTA,SR,SIRACUSA,Ordinaria,"37,27198315","15,12673274"
"Viale Scala Greca, 311",Nigro Maria,986350890,96100,SIRACUSA,SR,SIRACUSA,Ordinaria,"37,0714069","15,2829873"
"Via Alessandro Manzoni, 96",San Luigi Di Farmanuova Di Giuseppe E Fabio Novello Snc,1846840898,96018,ROSOLINI,SR,SIRACUSA,Ordinaria,"36,82424","14,947792"
"Via Iblea, 83",Cannata,1080620899,96010,MELILLI,SR,SIRACUSA,Ordinaria,"37,17759778","15,128528"
"Corso Gelone, 91",Fichera Paola,1493810897,96100,SIRACUSA,SR,SIRACUSA,Ordinaria,"37,0714069","15,2829873"
"Corso Vittorio Emanuele, 55",Malfa Claudia,1114530890,96017,NOTO,SR,SIRACUSA,Ordinaria,"36,91237347","15,01984623"
"Via Principe Emanuele, 52",Dr. Farinato Francesco,4179250875,96010,CARLENTINI,SR,SIRACUSA,Ordinaria,"37,25197581","14,9969327"
"Piazza Plebiscito, 1",Saner Pharma S.r.l.,1945270898,96010,SOLARINO,SR,SIRACUSA,Ordinaria,"37,10273372","15,11004242"
"Via Sipione, 78",Guastella Giuseppe,1000910883,96019,ROSOLINI,SR,SIRACUSA,Ordinaria,"36,821063","14,947605"
"Piazza Vittorio Emanuele, 26",Tafuri Francesco & C. Snc,1071740896,96018,PACHINO,SR,SIRACUSA,Ordinaria,"36,71514675","15,09139184"
"Via Paternò, 43",FARMACIA FAVATA DANIELE S.N.C.,1174070894,96100,SIRACUSA,SR,SIRACUSA,Ordinaria,"37,0714069","15,2829873"
"Via Cavour, 107",Inserra Orazio & C. Snc,1182710895,96013,CARLENTINI,SR,SIRACUSA,Ordinaria,"37,27494274","15,01544716"
"Via Principe Umberto, 16",Alessandrello Maria,1197460890,96017,NOTO,SR,SIRACUSA,Ordinaria,"36,91237347","15,01984623"
"Via Cavour, 51",Centrale Giampiccolo & C. Snc,1615980891,96012,AVOLA,SR,SIRACUSA,Ordinaria,"36,91020035","15,1347895"
"Largo Xxv Luglio, 6",Valvo G. E V. Della Dr.ssa Valvo Giuseppina & C. Snc,1453750893,96100,SIRACUSA,SR,SIRACUSA,Ordinaria,"37,0714069","15,2829873"
"Corso Gelone, 1",La Madonnina - Eredi Poidomani Di Agosta Paola Sas,1277180897,96100,SIRACUSA,SR,SIRACUSA,Ordinaria,"37,068258","15,2846376"
"Via Piave, 57/59",Paravizzini Carlo & Seb. Snc,1543040891,96100,SIRACUSA,SR,SIRACUSA,Ordinaria,"37,28696787","15,00165497"
"Via Archia, 32",Agosta Marilena E C. Snc,1188470882,96100,SIRACUSA,SR,SIRACUSA,Ordinaria,"37,0714069","15,2829873"
"Via Corso Vittorio Emanuele, 117",FARMACIA SOFIA MARINI S.R.L.,2820610810,91100,TRAPANI,TP,TRAPANI,Ordinaria,"38,0161937","12,5052424"
"Via C. Rosselli, 166",Spadaro Giovanni,288710817,91016,ERICE,TP,TRAPANI,Ordinaria,"38,0119388","12,61419424"
"Via Cosenza, 133",Venza Snc,2128080815,91016,ERICE,TP,TRAPANI,Ordinaria,"38,0272804","12,54895115"
"Via Margherita, 22",Farmacia San Vito S.n.c.,2616240814,91010,SAN VITO LO CAPO,TP,TRAPANI,Ordinaria,"38,12391712","12,75897376"
"Via C. Colombo, 310/a",Spina Mario,313630816,91010,SAN VITO LO CAPO,TP,TRAPANI,Ordinaria,"38,12391712","12,75897376"
"Via Via Vespri, 99/101",FARMACIA BRIGAGLIA DR. MARCELLO DE LUCA S.R.L.,2758540815,91019,VALDERICE,TP,TRAPANI,Ordinaria,"38,03296202","12,6381425"
"Via Gaetano Maiorana, 22",FARMACIA MARETTIMO di Dott.ssa Rosa Alba Fici,2754050819,91023,FAVIGNANA,TP,TRAPANI,Ordinaria,"37,93375812","12,29769638"
"Via Capo Rizzuto, 173",Costa Sas Di Costa Carmelo & C.,1646990810,91010,TRAPANI,TP,TRAPANI,Ordinaria,"38,0188317","12,51742"
"Viale Regina Margherita, 9",Fontana Daniela,2114650811,91100,TRAPANI,TP,TRAPANI,Ordinaria,"37,76107564","13,03456525"
"Piazza Matrice, 72",Farmacia Barone Di Ilaria Barone & C.snc,2636840817,91023,FAVIGNANA,TP,TRAPANI,Ordinaria,"37,93375812","12,29769638"
"Contrada Ciavolotto, 263",Farmacia Dott.ssa Giacalone Iolanda,2662980818,91025,MARSALA,TP,TRAPANI,Ordinaria,"37,798045","12,4370156"
"Piazza Del Popolo, 26",Sajeva Marianna,2546790847,91025,MARSALA,TP,TRAPANI,Ordinaria,"37,796255","12,435355"
"Contrada Fornara, 729",Galatioto Giuseppe Della Dott.ssa Vita Agogitta & C. Sas,1642860819,91025,MARSALA,TP,TRAPANI,Ordinaria,"37,80111","12,434553"
"Via Roma, 141",Scalia Giovanni,233760818,91025,MARSALA,TP,TRAPANI,Ordinaria,"37,79630771","12,44004523"
"Via Del Fante, 62",Fici Agata,1347350819,91025,MARSALA,TP,TRAPANI,Ordinaria,"38,01853406","12,53306582"
"Via Trapani, 168/170",Bonfanti Sonia,1454800812,91025,MARSALA,TP,TRAPANI,Ordinaria,"37,80524217","12,45094537"
"Contrada Cuore Di Gesu', 501",Galatioto Giuseppe & C. Snc,1642860819,91025,MARSALA,TP,TRAPANI,Ordinaria,"37,798045","12,4370156"
"Via Salemi, 588",Pellegrino Carlo & C. Snc,1858450818,91025,MARSALA,TP,TRAPANI,Ordinaria,"38,0139712","12,53642555"
"Via Salemi, 185",Farmacia Grimaudo di Pantaleo Caterina & C. S.a.s,2778980819,91026,MAZARA DEL VALLO,TP,TRAPANI,Ordinaria,"37,6585843","12,6015474"
Via Marsala Ang. Via Stazzoni,Farmacia Perricone Di Pandolfo Rosanna & C. S.n.c.,2686950813,91026,MAZARA DEL VALLO,TP,TRAPANI,Ordinaria,"37,70188257","12,64603367"
"Via Ettore Scimemi, 6",Aleci Vincenzo,100030816,91018,SALEMI,TP,TRAPANI,Ordinaria,"37,82241714","12,7661971"
"Via Giacomo Matteotti, 71",Spina Vita,141410811,91018,SALEMI,TP,TRAPANI,Ordinaria,"37,82241714","12,7661971"
"Via Siracusa, 41",FARMACIA DR ARMANDO MONTALBANO S.N.C. DI FABIO E SERGIO MONTALBANO,1638040814,91026,MAZARA DEL VALLO,TP,TRAPANI,Ordinaria,"37,6505013","12,5965355"
"Via Marinuzzi, 14",Consumano Ignazio,1461020818,91024,GIBELLINA,TP,TRAPANI,Ordinaria,"37,812276","12,869247"
"Via Caboto, 90",Gancitano Salvatore,560400814,91022,CASTELVETRANO,TP,TRAPANI,Ordinaria,"37,65513798","12,81633261"
"Via Ruggero Settimo, 13-13A",Gagliano Rosaria,2315950846,91022,CASTELVETRANO,TP,TRAPANI,Ordinaria,"37,65513798","12,81633261"
"Via P.pe Morso Naselli, 3",Di Giovanni Rosaria,137510814,91020,POGGIOREALE,TP,TRAPANI,Ordinaria,"37,7638253","13,0360563"
"Via FILIPPO LEONE, 4 , 4 BIS, 6, 6 BIS",FARMACIA SAN VITO SRL,2791110816,91028,PARTANNA,TP,TRAPANI,Ordinaria,"37,72170974","12,89424533"
"Via Mannone Fra' Serafino, 20",Giardina  Nicolo',2488310810,91022,CASTELVETRANO,TP,TRAPANI,Ordinaria,"37,65513798","12,81633261"
"Via via vittorio emanuele, 37",farmacia ferracane sas di Maiorana Giada Mariangela e c,2695400818,91022,CASTELVETRANO,TP,TRAPANI,Ordinaria,"37,65513798","12,81633261"
"Piazza Carlo D'Aragona E Tagliavia, 14",Rizzuto Stefano E C. Snc Dei Dottori Rizzuto Salvatore E Rizzuto Caterina,1652930817,91022,CASTELVETRANO,TP,TRAPANI,Ordinaria,"37,65513798","12,81633261"
"Via Vittorio Emanuele, 75",Dia Rosanna,1769320811,91028,PARTANNA,TP,TRAPANI,Ordinaria,"37,72689924","12,89132459"
"Via Cavour, 45",Farmacia Moceri del dott. Rocco Moceri,2703440814,91021,CAMPOBELLO DI MAZARA,TP,TRAPANI,Ordinaria,"37,63534647","12,74911549"
Via Santa Anna,Dallo Dalila,2024870814,91029,SANTA NINFA,TP,TRAPANI,Ordinaria,"37,81992882","12,88814334"
"Corso  6 Aprile, 115",Di Lorenzo Franco Ernesto,2257040812,91011,ALCAMO,TP,TRAPANI,Ordinaria,"37,96384984","12,97409835"
"Via Giuseppe Garibaldi, 129",Anania Giuseppina,555420819,91014,CASTELLAMMARE DEL GOLFO,TP,TRAPANI,Ordinaria,"38,01115316","12,82677043"
"Corso G. GARIBALDI, 206",FARMACIA BOLOGNA SRL UNIPERSONALE,2848090813,91014,CASTELLAMMARE DEL GOLFO,TP,TRAPANI,Ordinaria,"38,01115316","12,82677043"
"Via Della Repubblica, 30",FARMACIA DR FANARA - S.R.L.,2849490814,91014,CASTELLAMMARE DEL GOLFO,TP,TRAPANI,Ordinaria,"38,02554219","12,88146382"
"Via Francesco Crispi, 85",Giorlando Giorlando Francesca,1685740811,91011,ALCAMO,TP,TRAPANI,Ordinaria,"37,96384984","12,97409835"
"Viale Europa, 107",Buscemi Giuseppe E Figli Snc,1684720814,91011,ALCAMO,TP,TRAPANI,Ordinaria,"37,96384984","12,97409835"
"Piazza Della Repubblica, 51",Benenati Vincenzo,2496220811,91011,ALCAMO,TP,TRAPANI,Ordinaria,"37,96384984","12,97409835"
"Via G.b. Fardella, 340",Farmacia Gallo Del Dottor Biagio Gallo & C. S.a.s.,2447610813,91100,TRAPANI,TP,TRAPANI,Ordinaria,"38,0202591","12,530445"
"Via Campania, 16",Ispicenia Srl,1199240886,97014,ISPICA,RG,RAGUSA,Ordinaria,"36,78992232","14,89890126"
"Via Carlo Alberto, 26",COMUNALE SRL,1493090805,92024,CANICATTI',AG,AGRIGENTO,Ordinaria,"37,36280793","13,85940804"
"Via L. Caruso, 4",Passannanti Giacoma,17245,90044,CARINI,PA,PALERMO,Ordinaria,"38,12956244","13,16340388"
"Via Santa Caterina, 39",Tornambe' Marta,17246,90033,CHIUSA SCLAFANI,PA,PALERMO,Ordinaria,"37,67120728","13,29398245"
"Viale Marchese Di Villabianca, 26",Marchese Di Villabianca,6317400825,90143,PALERMO,PA,PALERMO,Ordinaria,"38,1369973","13,35059649"
"Contrada Canalotto, 2273",DISPENSARIO DR.SSA LAMIA ANTONINA,17307,91011,ALCAMO,TP,TRAPANI,Dispensario stagionale,"37,96384984","12,97409835"
"Via Popolo n. 256, angolo Via Monfalcone, 2",FARMA NISCEMI S.R.L.,1770060851,93015,NISCEMI,CL,CALTANISSETTA,Ordinaria,"37,1441744","14,3882668"
"Via Dei Mulini, 4",Presidio Farmaceutico D'Emergenza - Dr.ssa Ottaviano,135810885,97100,RAGUSA,RG,RAGUSA,Dispensario,"36,90707175","14,66410005"
"Via Alessandro Manzoni, 158",Comunale Sacro Cuore Srl,1516460894,96019,ROSOLINI,SR,SIRACUSA,Ordinaria,"36,82424","14,947792"
"Via Babbaura, 40",Belvedere S.r.l.,1759390857,93017,SAN CATALDO,CL,CALTANISSETTA,Ordinaria,"37,4831552","13,9880975"
"Viale Librino, 15",BORGH SALVATORE,1584440893,95121,CATANIA,CT,CATANIA,Ordinaria,"37,48436105","15,05462707"
Via Aereoporto Falcone e Borsellino,FARMACIA VENUTI P.F.E. VENUTI GIUSEPPE,608680823,90045,CINISI,PA,PALERMO,Ordinaria,"38,15600628","13,11768691"
"Piazza Pace, 11",BIONDO PAOLA,1539660835,98049,VILLAFRANCA TIRRENA,ME,MESSINA,Ordinaria,"38,241115","15,441976"
Via del Porto,PRESIDIO FARMACEUTICO DI FILICUDI,779430834,98050,LIPARI,ME,MESSINA,Ordinaria,"38,4754379","14,954554"
"Via Castelvetrano, 155",Farmacia Lenzi di Chiara Sansone & C. SAS,2698630817,91026,MAZARA DEL VALLO,TP,TRAPANI,Ordinaria,"37,70188257","12,64603367"
"Via Torino, 47",FARMACIA MARIA REGINA SRL,1722450887,97016,POZZALLO,RG,RAGUSA,Ordinaria,"36,73068603","14,84270775"
"Piazzetta Xii Gennaio, 6",Musumeci Antonietta,6099050822,90036,MISILMERI,PA,PALERMO,Ordinaria,"38,069512","13,458481"
"Via Berlinguer, 24",Dr.ssa Aricò Concetta &amp;C.S.A.S.,2985330840,92016,RIBERA,AG,AGRIGENTO,-,"37,4907987","13,2680211"
"Via Marco Polo, 8",BUSCAGLIA ANNA MARIA,2676030840,90010,FICARAZZI,PA,PALERMO,Ordinaria,"38,0881047","13,45623683"
"Via Lavina, 158/F",CARPINO FRANCA GRAZIELLA,4990730873,95025,ACI SANT'ANTONIO,CT,CATANIA,Ordinaria,"37,60633501","15,11212732"
"Piazza Del Risorgimento, 40/43",Risorgimento,1874560855,95124,CATANIA,CT,CATANIA,Ordinaria,"37,44220831","15,03582932"
"Via Mongibello, 77",FARMACIA PIANO TAVOLA SRL,5694750877,95032,BELPASSO,CT,CATANIA,Ordinaria,"37,538615","14,98367"
"Via De Felice, 7",NERI DELLA DOTT.SSA NERI MARIA,4987839876,95025,ACI SANT'ANTONIO,CT,CATANIA,Ordinaria,"37,62426309","15,11751958"
"Via Palermo, 15/B",GIAMBO' CALOGERO,3213880838,95034,BRONTE,CT,CATANIA,Ordinaria,"37,79299","14,829367"
"Via Nazario Sauro, 71",VENINATA,1517830889,97015,MODICA,RG,RAGUSA,Ordinaria,"36,8582255","14,75812814"
"Viale Santa Panagia, 120",FARMACIA SANTA PANAGIA DELLA DOTT.SSA LUCIA FERLA & C. S.A.S.,1911080891,96100,SIRACUSA,SR,SIRACUSA,Ordinaria,"37,0845901","15,279776"
"Via Raffaele Failla, 91",Corsaro Della Dr.ssa Corsaro Antonietta Maria,5047830871,95042,GRAMMICHELE,CT,CATANIA,Ordinaria,"37,2120629","14,6465075"
"Via Rizzo, 140",TOMASELLO FRANCESCA MARIA ROSA,107000838,98142,MESSINA,ME,MESSINA,Dispensario,"38,175786","15,2672078"
"Via Tenente Palma, 117",Di Puma Calogero,2693500841,92020,PALMA DI MONTECHIARO,AG,AGRIGENTO,Ordinaria,"37,187609","13,7728672"
Via Zinirco sn,GRECO DELLA DOTT.SSA GRECO FRANCA,5020590872,95045,MISTERBIANCO,CT,CATANIA,Ordinaria,"37,5183103","15,0077396"
"Via Aldo Moro, 84 B",GRILLO MARIA ROSARIA,5050570877,96018,PACHINO,SR,SIRACUSA,Ordinaria,"36,7193144","15,0963861"
"Via B. Cannizzo, 14",RIGGIO PIETRO,2678550340,96100,SIRACUSA,SR,SIRACUSA,Ordinaria,"37,0963547","15,2819656"
"Via Palermo, 192",IRACI MARIA RITA,3254230836,95046,PALAGONIA,CT,CATANIA,Ordinaria,"37,328247","14,744783"
"Via Santa Chiara, 2",SANTA CHIARA DELLA DOTT.SSA IACA' MARIA LUISA CRISTINA,5071170871,95030,MASCALUCIA,CT,CATANIA,Ordinaria,"37,5864208","15,0504194"
"Via Luigi Sturzo, 76",TORNABENE PATRIZIA,2713050843,90036,MISILMERI,PA,PALERMO,Ordinaria,"38,0351801","13,4511787"
"Via Giacomo Leopardi, 5",CAPORALE MARIA LUISA,1881990657,90039,VILLABATE,PA,PALERMO,Ordinaria,"38,076251","13,444847"
-,PRESIDIO D'EMERGENZA FARMACIA DEL MULINO DI APRILE M. & C. SNC,1516100888,97015,MODICA,RG,RAGUSA,Dispensario,"36,8589123","14,7613206"
"Via M. Denti, 1",MARTINO DOTT. MAURO,3373620834,98060,PIRAINO,ME,MESSINA,Ordinaria,"38,1617608","14,8624447"
"Viale Della Regione, 334",Centrale Del Dott. Davide Biondi,5314300871,95037,SAN GIOVANNI LA PUNTA,CT,CATANIA,Ordinaria,"37,5830895","15,0934602"
"Via Carrata, 10/E",SUCCURSALE DR.SSA MONTALTO,19284,95016,MASCALI,CT,CATANIA,Succursale,"37,7526519","15,1960143"
"Via Roma, 5",Zahami Eleonora,3427200831,95032,BELPASSO,CT,CATANIA,Ordinaria,"37,5797979","14,977892"
"Stradale Scoglitti, 66",Farmacia Vittoria,1674990880,97019,VITTORIA,RG,RAGUSA,Ordinaria,-,-
Viale Vittorio Veneto 15,Farmacia Santa Lucia,4281130403,94014,FLORIDIA,SR,SIRACUSA,Ordinaria,-,-
Via Tenente De Cristofaro N.37/39,Farmacia San Rocco Snc,5491510870,95048,SCORDIA,CT,CATANIA,Ordinaria,-,-
Via Giovanni Pascoli 22,"Farmacia San Corrado Della  Lmr S.n.c. Dei Dottori Luisa Rizza, Marino Giuseppe E Leonardi Salvino Antonio",1951920899,96018,PACHINO,SR,SIRACUSA,Ordinaria,-,-
"Viale F. Turati, 44",Farmacia Turati,1951930898,96014,FLORIDIA,SR,SIRACUSA,Ordinaria,-,-
Viale Della Libertà Snc,Farmacia Liberta' Srl,1951960895,96019,ROSOLINI,SR,SIRACUSA,Ordinaria,-,-
Via Gammara 39/c,Farmacia Gammara Snc,2681000812,91011,ALCAMO,TP,TRAPANI,Ordinaria,-,-
"Viale Dei Fiori, 82",Farmacia Del Viale,5529760877,95033,BIANCAVILLA,CT,CATANIA,Ordinaria,-,-
Contrada Marchitello S.s. 115 S.n.,Farmacia Marchitello,2014760850,93012,GELA,CL,CALTANISSETTA,Ordinaria,-,-
"Via Palermo, 123",Farmacia Dello Jato S.n.c.,6668010827,90048,SAN GIUSEPPE JATO,PA,PALERMO,Ordinaria,-,-
"Via Ugo La Malfa, 115",Farmacia La Malfa,6660620821,90146,PALERMO,PA,PALERMO,Ordinaria,-,-
Via Messina Ficarazzelli 11,Nuova Farmacia Snc Dei Dottori Alagna E C.,6658950826,90039,VILLABATE,PA,PALERMO,Ordinaria,-,-
Via J.f. Kennedy 65,Farmacia J.f. Kennedy S.r.l.,2691320812,91011,ALCAMO,TP,TRAPANI,Ordinaria,-,-
"Via Umberto I, 392",Farmacia San Giuseppe s.r.l.,3500310838,98048,SPADAFORA,ME,MESSINA,Ordinaria,-,-
Via Marina Di Petrolo 14/16,Farmacia Del Golfo Di Pollari D.ssa Antonella E Ferrara D.ssa Doriana S.n.c.,2683320812,91014,CASTELLAMMARE DEL GOLFO,TP,TRAPANI,Ordinaria,-,-
Zona Industriale C.da Mugno Sp 25 Snc,Ragusa 22,1675110884,97100,RAGUSA,RG,RAGUSA,Ordinaria,-,-
Via Caduti In Guerra Snc,Farmacia Fondachello Playa S.r.l.,2894330840,92027,LICATA,AG,AGRIGENTO,Ordinaria,-,-
Via Aldo Moro N. 95,Farmacia San Leonardo,6668140822,90047,PARTINICO,PA,PALERMO,Ordinaria,-,-
Via Falcone 99,Farmacia Via Falcone S.n.c.,1675090888,97100,RAGUSA,RG,RAGUSA,Ordinaria,-,-
"Via Stazione Circumetnea, 9",Farmacia Metropolitana S.r.l.,5530860872,95047,PATERNO',CT,CATANIA,Ordinaria,-,-
Viale Della Regione N. 136,Farmacia Viale Regione S.n.c.,6662650826,90047,PARTINICO,PA,PALERMO,Ordinaria,-,-
"Via Alcide De Gasperi, 339/a",Farmacia Nuova S.n.c. Dei Dott.ri Rosario Obiso E Serena Fanara,2685990810,91020,PETROSINO,TP,TRAPANI,Ordinaria,-,-
Via Filippo Parlatore 69/c,Farmacia Parlatore,6648330824,90145,PALERMO,PA,PALERMO,Ordinaria,-,-
Contrada Minaga 102/104,Farmacia Unità D'Italia,14295571005,92100,AGRIGENTO,AG,AGRIGENTO,Ordinaria,-,-
Via Loreto Gallinara 1,Farmacia San Giorgio S.r.l.,1677550889,97015,MODICA,RG,RAGUSA,Ordinaria,-,-
"Corso Vittorio Emanuele, 517",Farmacia Gabatutti Di Strano Antonino E Bongiovanni Margherita S.n.c.,6668950824,90036,MISILMERI,PA,PALERMO,Ordinaria,-,-
Via Generale Cannada 480,Farmacia Nuova S.r.l.,1253480865,94012,BARRAFRANCA,EN,ENNA,Ordinaria,-,-
Via Papa Giovanni Xxiii 44,Farmacia Papa Giovanni S.r.l.,1675480881,97016,POZZALLO,RG,RAGUSA,Ordinaria,-,-
"Via Padre La Rocca, 57",Farmacia La Rocca S.n.c.,6659210824,90010,FICARAZZI,PA,PALERMO,Ordinaria,-,-
Via Circonvallazione 25,Farmacia Nuova Della Dott.ssa Scorsone Caterina E Del Dott. Zicari Gerlando S.n.c,2892380847,92016,RIBERA,AG,AGRIGENTO,Ordinaria,-,-
Via Kennedy 120,Farmacia Kennedy Di Alice Panto' & C. S.n.c.,6625100828,90040,CAPACI,PA,PALERMO,Ordinaria,-,-
"Via Vanella, 47",Farmacia Igea,1675060881,97015,MODICA,RG,RAGUSA,Ordinaria,-,-
Via Pier Paolo Morretta 35,Farmacia Semini S.r.l.,5534430870,95041,CALTAGIRONE,CT,CATANIA,Ordinaria,-,-
"C/da Spagnola, 362",Farmacia Agate,2684490812,91025,MARSALA,TP,TRAPANI,Ordinaria,-,-
Corso Umberto 396/398,Farmacia Santa Fara,6663960828,90045,CINISI,PA,PALERMO,Ordinaria,-,-
"Corso CRISTOFORO COLOMBO, 11 TER",FARMACIA SALUTE & BELLESSERE S.R.L.,5538890871,95039,TRECASTAGNI,CT,CATANIA,Ordinaria,-,-
"Via Roma, 344/b",Farmacia Gierre,6662680823,90036,MISILMERI,PA,PALERMO,Ordinaria,-,-
Via Pirandello 22-24,Farmacia San Piodella Dott.ssa Valeria Parisi E Del Dott. Vito Maurello S.n.c.,2894680848,92024,CANICATTI',AG,AGRIGENTO,Ordinaria,-,-
Via Luigi Sturzo N.ro 205,Farmacia Nazionale,5534700876,95014,GIARRE,CT,CATANIA,Ordinaria,-,-
"Via Dei Platani, 24",Farmacia Platani,6668190827,90047,PARTINICO,PA,PALERMO,Ordinaria,-,-
"Via Fanfani,71",Farmacia Lauricella,2893660841,92024,CANICATTI',AG,AGRIGENTO,Ordinaria,-,-
Via Provinciale 83,Farmacia Dei Fiori,6667600826,90044,CARINI,PA,PALERMO,Ordinaria,-,-
Piazza Della Vittoria 2,"Farmacia Amica S.n.c. Di Iannolino Lucia Grazia, Castrogiovanni Maria Grazia E Amato Giovanna",6663780820,90044,CARINI,PA,PALERMO,Ordinaria,-,-
Via Dei Greci 13/15,Farmacia La Pineta Delle Dott.sse Catalano Concetta E Zillitto Nunzia S.n.c.,1951800893,96010,PRIOLO GARGALLO,SR,SIRACUSA,Ordinaria,-,-
"Via Vittorio Emanuele Iii, 142/144/146",Nuova Farmacia Di Brolo,3504410832,98061,BROLO,ME,MESSINA,Ordinaria,-,-
"Via San Lorenzo, 273",Farmacia San Lorenzo,6626160821,90146,PALERMO,PA,PALERMO,Ordinaria,-,-
Via Loreto 19,Farmacia Del Corso,4288290408,90010,ALTAVILLA MILICIA,PA,PALERMO,Ordinaria,-,-
"Via Aldo Moro, 29",Farmacia San Castrense S.r.l.,6666860827,90046,MONREALE,PA,PALERMO,Ordinaria,-,-
"Via Vitaliano Brancati, 2",Farmacia Santa Barbara,6667610825,90015,CEFALU',PA,PALERMO,Ordinaria,-,-
"Via Giovanni Xxiii, 108 A-b-c",Farmacia San Vito,2895280846,92100,AGRIGENTO,AG,AGRIGENTO,Ordinaria,-,-
"Via Firenze, S/n",Montalfarma S.r.l.,3514670839,98057,MILAZZO,ME,MESSINA,Ordinaria,-,-
Strada Statale Santa Maria Degli Ammalati N. 152,Farmacia Sani Srl,5534200877,95024,ACIREALE,CT,CATANIA,Ordinaria,-,-
Contrada Bambina 48/e,Farmacia San Giuseppe S.r.l.,2690780818,91025,MARSALA,TP,TRAPANI,Ordinaria,-,-
"Corso Vittorio Veneto, 479/481",Farmacia Gagini,1663470886,97100,RAGUSA,RG,RAGUSA,Ordinaria,-,-
"Via Cristaudo, 72",Farmacia Monterosso S.r.l.,5533020870,95025,ACI SANT'ANTONIO,CT,CATANIA,Ordinaria,-,-
"Via Lo Jacono, 3",Farmacia San Lorenzo S.r.l.,5538220871,95030,SANT'AGATA LI BATTIATI,CT,CATANIA,Ordinaria,-,-
"Via Errante, 12",Farmacia Dott. Cattafi Gaspare,3087300830,98054,FURNARI,ME,MESSINA,Ordinaria,-,-
"Via Giacomo Matteotti, 236",Farmacia Viola Dei Dottori Randazzo Damiano E Paterno' Massimo Antonio Snc,6661880820,90049,TERRASINI,PA,PALERMO,Ordinaria,-,-
"Via G. Di Vittorio, 38",Farmacia Etika Dei Dottori Azzolina Maria E Galata' Filippo S.n.c.,5489980879,95045,MISTERBIANCO,CT,CATANIA,Ordinaria,-,-
Via Consolare Valeria 144/d,Nuova Naxos S.n.c.,3493460830,98035,GIARDINI-NAXOS,ME,MESSINA,Ordinaria,-,-
Via Sferracavallo N. 105/b,Farmacia Sferracavallo S.r.l.,6665560824,90147,PALERMO,PA,PALERMO,Ordinaria,-,-
Via Nizzeti 143,"Farmacia San Filippo S.n.c. Dei Dottori Emanuele Patane',Giuseppaalba Raciti E Rossella Timpanaro",5535720873,95022,ACI CATENA,CT,CATANIA,Ordinaria,-,-
"Via Santa Maria Di Gesu', 3a","Farmacia Della Guadagna Snc Di Nicosia Paolo, Patella Chiara E Vinciguerra Rosanna",6659720822,90124,PALERMO,PA,PALERMO,Ordinaria,-,-
Via Solicchiata 67/b,Farmacia Solicchiata S.r.l.,5536480873,95031,ADRANO,CT,CATANIA,Ordinaria,-,-
Via Sgroppillo N. 33 ? 35,Farmacia Pettinato S.r.l.,5530400877,95027,SAN GREGORIO DI CATANIA,CT,CATANIA,Ordinaria,-,-
Via Villagrazia 303 I,Nuova Farmacia Barone Scala S.r.l.,5537290875,90126,PALERMO,PA,PALERMO,Ordinaria,-,-
Strada Statale 113 Quartiere Piraineto 93,Farmacia Piraineto,6685910827,90044,CARINI,PA,PALERMO,Ordinaria,-,-
"Via Martiri Portella Della Ginestra,147",Farmacia San Giorgio,3502470838,90037,PIANA DEGLI ALBANESI,PA,PALERMO,Ordinaria,-,-
"Via Sardegna, 76",Farma Quattro,3533960781,95047,PATERNO',CT,CATANIA,Ordinaria,-,-
Via Palermo 29 I/l,Farmacia Belvedere,5531060878,95030,SAN PIETRO CLARENZA,CT,CATANIA,Ordinaria,-,-
"Via Fra Calofero Liotta, 4/6/8",Farmacia Ferraro Srl,2895380844,92019,SCIACCA,AG,AGRIGENTO,Ordinaria,-,-
"Corso Antonio Gramsci, 175",Farmacia Sacro Cuore,2015220854,93015,NISCEMI,CL,CALTANISSETTA,Ordinaria,-,-
"Via Perpignano, 325",Farmacia Perpignano,6666920829,90135,PALERMO,PA,PALERMO,Ordinaria,-,-
"Via Terre    Nere, 81",FARMACIA   TERRE   NERE   S.R.L.,5533860879,95040,MOTTA SANT'ANASTASIA,CT,CATANIA,Ordinaria,-,-
"Via Trabucco, 123",Farmacia Gia.di.na.,6665190820,90146,PALERMO,PA,PALERMO,Ordinaria,-,-
"Via Capitano Emanuele Basile, 14",Caman Farma S.r.l.,6666160822,90135,PALERMO,PA,PALERMO,Ordinaria,-,-
"Via Palermo, 59",Farmacia Palike',5537930876,95046,PALAGONIA,CT,CATANIA,Ordinaria,-,-
"Via Gaetano Amoroso, 2",Farmacia Montegrappa,6665200827,90128,PALERMO,PA,PALERMO,Ordinaria,-,-
"Via Via Messina Marine, 585/A",Farmacia Cali' Chiara & C.  s.n.c.,6662450821,90121,PALERMO,PA,PALERMO,Ordinaria,-,-
Contrada Ciuccafa S.n.c.,Farmacia Empedocle S.r.l. Dr.sse Gallo E Gruttadauria,2893010849,92014,PORTO EMPEDOCLE,AG,AGRIGENTO,Ordinaria,-,-
"Via Pietro Mascagni, 55-57",Farmacia Del Borgo,1967390897,96018,PACHINO,SR,SIRACUSA,Ordinaria,-,-
Viale Michelangelo Buonarroti N. 4,Farmacia Della Scala,5569200875,95047,PATERNO',CT,CATANIA,Ordinaria,-,-
"Via Xxv Aprile, 33",Farmacia Santuzzi S.r.l.,5534190870,96013,CARLENTINI,SR,SIRACUSA,Ordinaria,-,-
"Piazza S.maria Delle Grazie, 24",Farmacia Etna,5581530879,95017,PIEDIMONTE ETNEO,CT,CATANIA,Ordinaria,-,-
"Via Del Bosco, 227",Farmacia Isgro' Della Dott.ssa Isgro',3538090832,95030,MASCALUCIA,CT,CATANIA,Ordinaria,-,-
"Corso Dei Mille, 1548",Farmacia Dei Mille  SRL,6683370826,90121,PALERMO,PA,PALERMO,Ordinaria,-,-
"Via Asia, 1/b",Farmacia Poidomani Srl,1685460881,97100,RAGUSA,RG,RAGUSA,Ordinaria,-,-
Via Cappuccini 225,Farmacia Sant'Agata S.r.l.,5555340875,95031,ADRANO,CT,CATANIA,Ordinaria,-,-
Via Marconi Centro Commerciale  Le Ginestre,Farmacia Le Ginestre,5596980879,95030,TREMESTIERI ETNEO,CT,CATANIA,Ordinaria,-,-
"Via Filadelfio Di Leo, 37-39",Farmacia Di Giorgio s.n.c .delle Dottoresse Rosalia e Concetta Di Giorgio,3526400837,98070,ACQUEDOLCI,ME,MESSINA,Ordinaria,-,-
"Via In. Giuseppe Bagnera, 18 INT.4",FARMACIA SAN GIUSEPPE S.R.L.,6726800821,90011,BAGHERIA,PA,PALERMO,Ordinaria,-,-
"Viale Luigi Monaco, 10/F","""Farmacia del Poggio"" ArCa Farma s.r.l.",2014770859,93100,CALTANISSETTA,CL,CALTANISSETTA,Ordinaria,-,-
"Viacomunale S.FILIPPO INF. C.DA SAN GIOVANNELLO, 17 e 19",LICITRI CANNAVA' SRL,3503210837,98145,MESSINA,ME,MESSINA,Ordinaria,-,-
"Viale Venere, 22",FARMACIA VENERE,6663510821,90149,PALERMO,PA,PALERMO,Ordinaria,-,-
"Via Mole, 19",Farmacia Villarosa,6148340828,90011,BAGHERIA,PA,PALERMO,Ordinaria,-,-
"Via Altavilla, 31/C",FARMACIA SANTA CATERINA S.R.L.,5587560870,95030,PEDARA,CT,CATANIA,Ordinaria,-,-
"Via P.A.Muratori, 2",Farmacia Sant'Antonio,6667080821,90011,BAGHERIA,PA,PALERMO,Ordinaria,-,-
"Via Mompilieri, 43",FARMACIA MOMPILIERI,5601530875,95030,MASCALUCIA,CT,CATANIA,Ordinaria,-,-
"Via Francesco  De Sanctis, 17/19",farmacia aucalma srl,6739120829,90145,PALERMO,PA,PALERMO,Ordinaria,-,-
"Via Nunzio Maniaci, 23/b",farmacia san vito snc,2616240814,90010,SAN VITO LO CAPO,TP,TRAPANI,Dispensario stagionale,-,-
"Via Aldo Moro, 6",FARMACIA FICANI INGENITO S.R.L.,2922690843,92019,SCIACCA,AG,AGRIGENTO,Ordinaria,-,-
"Via MICHELANGELO, 311",FARMACIA DEI SERVIZI SOCIETA' A RESPONSABILITA' LIMITATA,6662690822,90145,PALERMO,PA,PALERMO,Ordinaria,-,-
"Via SETTEFARINE, 90",FARMACIA SETTEFARINE  SRL,2048120857,93012,GELA,CL,CALTANISSETTA,Ordinaria,-,-
"Via Comiso, 24",Farmacia Naurra srl,6781610826,90014,CASTELDACCIA,PA,PALERMO,Ordinaria,-,-
"Via Circonvallazione, 81",Farmacia Gentile S.R.L.,6659000829,90046,MONREALE,PA,PALERMO,Ordinaria,-,-
"Via Via Emanuele Nicosia, 13",FARMACIA AMICA,1714390885,97019,VITTORIA,RG,RAGUSA,Ordinaria,-,-
"Via arancio, 27",farmacia igea srl,2947090847,92029,RAVANUSA,AG,AGRIGENTO,Ordinaria,-,-
"Via Aquino, 52",BFC Pharmacia srl,6801760825,90046,MONREALE,PA,PALERMO,Ordinaria,-,-
"Via Porta Palermo, 119",Farmacia Porta Palermo s.r.l.,1996490890,91011,ALCAMO,TP,TRAPANI,Ordinaria,-,-
"Via Ispica, 29",FARMACIA PIANODAPI,5673100870,95024,ACIREALE,CT,CATANIA,Ordinaria,-,-
"Via Rua Sant'Antonio, 13A",Farmacia dell'Etna,5569060873,95030,PEDARA,CT,CATANIA,Ordinaria,-,-
"Corso Sicilia, 52",Farmacia Sant'Anastasia,5674660872,95040,MOTTA SANT'ANASTASIA,CT,CATANIA,Ordinaria,-,-
"Via Provinciale, 117",Farmacia Santa Chiara snc,6793020824,90046,MONREALE,PA,PALERMO,Ordinaria,-,-
"Via Via Badala', 31/E",Farmacia Diana snc,5672200879,95013,FIUMEFREDDO DI SICILIA,CT,CATANIA,Ordinaria,-,-
"Via Porta Palermo, 3",FARMACIA FUORI PORTA,6792340827,90019,TRABIA,PA,PALERMO,Ordinaria,-,-
"Via ALCIDE DE GASPERI, 225A/B",FARMACIA IERACI-RIGGIO,6800670827,90039,VILLABATE,PA,PALERMO,Ordinaria,-,-
"Via LIBERTA', 32/34",FARMACIA DELL'ISOLA,6789480826,90040,ISOLA DELLE FEMMINE,PA,PALERMO,Ordinaria,-,-
"Via Salso, N. 1/a",Farmacia San Cusumano S.r.l.,2743290815,91016,ERICE,TP,TRAPANI,Ordinaria,-,-
"Via DOTT. MERCURIO, 9",SIRGA S.R.L.,5670760874,95016,MASCALI,CT,CATANIA,Ordinaria,-,-
"Via carlo greca, 23",farmacia pandolfo e teresi srl,6687430824,90124,PALERMO,PA,PALERMO,Ordinaria,-,-
"Via Altofonte, 63/65",Farmacia Villaciambra S.R.L.,6799820821,90046,MONREALE,PA,PALERMO,Ordinaria,-,-
"Via PIERSANTI MATTARELLA, 11/B",PHARMA2 S.R.L.,1998110892,96012,AVOLA,SR,SIRACUSA,Ordinaria,-,-
"Via corso mediterraneo, 52",farmacia Mediterraneo,1715990881,97015,MODICA,RG,RAGUSA,Ordinaria,-,-
"Viale Regione Siciliana, 3024",Farmacia Consiglio Minelli snc,4279900403,90145,PALERMO,PA,PALERMO,Ordinaria,-,-
"Via san paolino, 80",farmacia San Paolino,3578560835,98057,MILAZZO,ME,MESSINA,Ordinaria,-,-
"Via leonardo da vinci, 176",Farmacia Ferraro Eugenio,2826100832,90100,PALERMO,PA,PALERMO,Ordinaria,-,-
"Corso ITALIA, 265-267",FARMACIA SANTA RITA S.R.L,6821080824,90044,CARINI,PA,PALERMO,Ordinaria,-,-
"Via san pietro, snc",dispensario farmaceutico panarea,779430834,98040,LIPARI,ME,MESSINA,Dispensario,-,-
"Traversa Renella, 3/A",Farmacia del mare srl,2013700899,96100,SIRACUSA,SR,SIRACUSA,Ordinaria,-,-
"Via venezia, 328",farmacia venezia srls,2028270854,93012,GELA,CL,CALTANISSETTA,Ordinaria,-,-
"Via TIMEO, 2/4",FARMACIA PARTANNA MONDELLO srl,6825150821,90151,PALERMO,PA,PALERMO,Ordinaria,-,-
"Via tremilia, 15",LA.GRI.FARMA S.R.L,2018410890,96100,SIRACUSA,SR,SIRACUSA,Ordinaria,-,-
"Via Via Giovanni Paolo II, 6",Farmacia Igea,3504610837,96012,AVOLA,SR,SIRACUSA,Ordinaria,-,-
"Via Brancaccio, 2/o",Farmacia Ponte Ammiraglio srl,6805100820,90124,PALERMO,PA,PALERMO,Ordinaria,-,-
"Via astrel, 1",farmacia leopardi srl,5767780876,95032,BELPASSO,CT,CATANIA,Ordinaria,-,-
"Viale ENRICO BERLINGUER, 4",FARMACIA AUREA,3005590843,92026,FAVARA,AG,AGRIGENTO,Ordinaria,-,-
"Via Traversa Caderini, Snc",Farmacia Isola SNC di Roccella Maria Grazia Fazio Laura e Accolla Mariacristina,2049690890,96100,SIRACUSA,SR,SIRACUSA,Ordinaria,-,-
"Stradale forcone, 112",farmacia michele arcangelo srl,5819320879,97019,VITTORIA,RG,RAGUSA,Ordinaria,-,-
"Viale CARLO ALBERTO DALLA CHIESA, 50",FARMACIA CALAROSSA S.R.L.,6946170823,90049,TERRASINI,PA,PALERMO,Ordinaria,-,-
"Via NAZIONALE PER CATANIA, 119/A",FARMACIA ACQUEGRANDI SRL,5844700871,95024,ACIREALE,CT,CATANIA,Ordinaria,-,-
"Via D'Angelo, 2",FARMACIA BELLA,5843550871,95016,MASCALI,CT,CATANIA,Ordinaria,-,-
"Via Ermete Zacconi, 61",FARMACIA SALUS S.R.L.,3014660843,92020,PALMA DI MONTECHIARO,AG,AGRIGENTO,Ordinaria,-,-
"Via CAVALERI MAGAZZENI, 115",FARMACIA SAN GREGORIO,3013750843,92100,AGRIGENTO,AG,AGRIGENTO,Ordinaria,-,-
"Via MESSINA, 269/B",FARMACIA BORGONUOVO S.R.L.,5830870878,95034,BRONTE,CT,CATANIA,Ordinaria,-,-
"Via Circonvallazione  A. Vicari, snc",Farmacia Giuseppe Rubuano srl,3655330839,98076,SANT'AGATA DI MILITELLO,ME,MESSINA,Ordinaria,-,-
"Via SP 56/I, 54",FARMACIA SALUTE E BENESSERE,5841480873,95032,BELPASSO,CT,CATANIA,Ordinaria,-,-
"Via Duca degli Abruzzi, 171",Farmacia Trappeto dott.sse Benanti L. e Genitori D¿Arrigo P. s.n.c.,5831700876,95037,CATANIA,CT,CATANIA,Ordinaria,-,-
"Via Consolare, 85",Farmacia Punta Aguglia srl,6968730827,90011,BAGHERIA,PA,PALERMO,Ordinaria,-,-
"Via Umberto I, 24 b",Farmacia Bevilacqua dispensario di Frazzanò,2662030812,98070,FRAZZANO',ME,MESSINA,Dispensario,-,-
"Corso Corso Umberto I, 925",FARMACIA SANT'ATANASIO S.R.L.,6970630825,90010,FICARAZZI,PA,PALERMO,Ordinaria,-,-
"Via F26, 1BIS",FARMACIA NOVA,3016870846,92015,RAFFADALI,AG,AGRIGENTO,Ordinaria,-,-
"Via Aldo Moro, 16",Farmaci Pizzo Carano s.r.l.,2092150859,93017,SAN CATALDO,CL,CALTANISSETTA,Ordinaria,-,-
"Viale EUROPA, 466",FARMACIA DELL'EMIRO  SRL,6953770820,90036,MISILMERI,PA,PALERMO,Ordinaria,-,-
"Via Regione Siciliana S.E., 2221",Farmacia Altea,6953720825,90125,PALERMO,PA,PALERMO,Ordinaria,-,-
"Piazzale PIAZZALE FUNIVIA, SN",ETNA PHARMA 2000,5167590875,95030,NICOLOSI,CT,CATANIA,Dispensario stagionale,-,-
"Corso dei Mille, 921/G",Farmacia Tutto Salute,6950830825,90123,PALERMO,PA,PALERMO,Ordinaria,-,-
"Via libertà, 5",farmacia della stazione srl,6967150829,90018,TERMINI IMERESE,PA,PALERMO,Ordinaria,-,-
"Via aeroporto falcone borsellino, 1",farmacia del varco srl,7023400828,90045,CINISI,PA,PALERMO,Ordinaria,-,-
"Via Mordini, 171",Farmacced di Andrea Taravella SNC,6948920829,90036,MISILMERI,PA,PALERMO,Ordinaria,-,-
"Via Principe Umberto, 13",Farmacia Salice,3702980834,98154,MESSINA,ME,MESSINA,Ordinaria,-,-
"Via Assieni, 20",Farmacia Sperone S.N.C. di Messana Salvatore e Perricone Ignazio,2836410817,91015,CUSTONACI,TP,TRAPANI,Ordinaria,-,-
"Piazzale VITTORIO VENETO, 12",FARMACIA VITTORIO VENETO,7050620827,90040,SAN CIPIRELLO,PA,PALERMO,Ordinaria,-,-
"Via Alla Falconara, 50 b",Farmacia Baida srl,6996590821,90136,PALERMO,PA,PALERMO,Ordinaria,-,-
"Via Aldo Moro, 142",FARMACIA PONTICELLI,7091220827,90044,CARINI,PA,PALERMO,Ordinaria,-,-
"Corso OCEANO ATLANTICO, 43",FARMACIA DEL MARE S.N.C.,1800730887,97017,SANTA CROCE CAMERINA,RG,RAGUSA,Ordinaria,-,-
"Via LEONARDO SCIASCIA, 9",FARMACIA SPATARO,1806260889,97013,COMISO,RG,RAGUSA,Ordinaria,-,-
