DENOMINAZIONESITOLOGISTICO,INDIRIZZO,PARTITAIVA,CAP,DESCRIZIONECOMUNE,SIGLAPROVINCIA,DESCRIZIONEPROVINCIA,LATITUDINE,LONGITUDINE
eurosan,via cesare battisti 207,1893680833,98123,MESSINA,ME,MESSINA,"38,18235052","15,54897578"
Erb. La Verbena Dr. Gregorio Puglisi,"Via Umberto n.100,102",2743130870,95027,SAN GREGORIO DI CATANIA,CT,CATANIA,"37,55795784","15,10894062"
L'OFFICINA DELLE ERBE,via garibaldi 293,2131380830,98121,MESSINA,ME,MESSINA,"38,1940297","15,554114"
Di raimondo Rosalba,Corso Italia n50,3090950878,95024,ACIREALE,CT,CATANIA,"37,63441983","15,16067303"
L'angolo della Salute di E. Patti,V.Scannapieco 5,4845160870,95123,CATANIA,CT,CATANIA,"37,51705065","15,06057729"
Sma-Gravina,V.Gramsci 53 A,4845160870,95030,GRAVINA DI CATANIA,CT,CATANIA,"37,60272478","15,07551896"
parafarmacia dott.ssa marchesini,"Via cesare battisti, 190",2886810833,98123,MESSINA,ME,MESSINA,"38,18235052","15,54897578"
Parafarmacia Dott. Andrea Galante,Via Mario Rapisardi 68/b,6535140823,90144,PALERMO,PA,PALERMO,"38,13567085","13,34754693"
NOVAFARMA,corso sicilia 16,4418510873,95100,CATANIA,CT,CATANIA,"37,50768063","15,08915156"
Plant Pharma,Via Etnea 473,3951620875,95125,CATANIA,CT,CATANIA,"37,56168402","15,05907861"
PARAFARMACIA,"Via MONTI SICANI 3,5,7",4434330876,95030,TREMESTIERI ETNEO,CT,CATANIA,"37,57444225","15,07341013"
Farmaci06,Corso Gelone 44,1556690897,96100,SIRACUSA,SR,SIRACUSA,"37,0714069","15,2829873"
PARAFARMACIA del CORSO di POULIOU DR.SSA KALLIOPI,"CORSO DELLE PROVINCE,62",4451000873,95128,CATANIA,CT,CATANIA,"37,51576832","15,09785625"
medicalvet s.r.l.,via manzoni 132,1933090845,92100,AGRIGENTO,AG,AGRIGENTO,"37,3067932","13,58394302"
ESSE TRE s.r.l.,"Via Verona, s.n.",314600842,92019,SCIACCA,AG,AGRIGENTO,"37,54354442","13,10280935"
erboristeria panacea,via Lo Jacono n. 53,5120480826,90100,PALERMO,PA,PALERMO,"38,13022074","13,33094987"
Farmanatura SaS,Via Sacro Cuore 109,1092450889,97015,MODICA,RG,RAGUSA,"36,83694198","14,76051652"
ALESAR snc di Russo R. & Greco A.,Corso Lombardia 57,4331100877,95014,GIARRE,CT,CATANIA,"37,7238698","15,1905245"
Cosmos del Dr. A. Severino,"ss115-Variante Nord-Complesso Marina, 4/C",2343100844,92014,PORTO EMPEDOCLE,AG,AGRIGENTO,"37,31044113","13,50704362"
Officina del Benessere,Via Via Filippo Paladini 224/228,1749090856,93100,CALTANISSETTA,CL,CALTANISSETTA,"37,4998585","14,06380755"
Rengis s.r.l.,Via Centonze 45,2706790835,98123,MESSINA,ME,MESSINA,"38,18838652","15,55557235"
Centro Commerciale le Zagare,C.da Bottazzi,4764980878,95037,SAN GIOVANNI LA PUNTA,CT,CATANIA,"37,5782757","15,0947724"
maria teresa montalbano,viale della vittoria 315,1411060849,92100,AGRIGENTO,AG,AGRIGENTO,"37,50689","13,08846541"
DIFARMA SRL,Via GIOVANNI VERGA S.N.C.,1093200861,94010,GAGLIANO CASTELFERRATO,EN,ENNA,"37,711952","14,536774"
Parafarmacia D.ssa Ricciardello Maria,P.zza Dante,2892690831,98061,BROLO,ME,MESSINA,"38,15567817","14,82941604"
Banco Farmaceutico S.r.l,Via A.Gramsci N 18,4454150873,95014,GIARRE,CT,CATANIA,"37,734848","15,2033353"
paraFARMACIA,"VIA TEN. COL. LA CARRUBBA,12",1174060853,92024,CANICATTI',AG,AGRIGENTO,"37,37175426","13,83777524"
ANIMALFARMA DI PANTANO DR. CARLO,CORSO TIMOLEONTE N.98,1370020891,96100,SIRACUSA,SR,SIRACUSA,"37,0714069","15,2829873"
Parafarmacia Dott.ssa Frazzitta Antonina,"v. Drago di Ferro,33",2259010813,91027,PACECO,TP,TRAPANI,"37,95745639","12,58704204"
desan s.r.l.,via De Gasperi,1643040841,92024,CANICATTI',AG,AGRIGENTO,"37,37175426","13,83777524"
FARMANIMAL di BELLOMO DOTT.SSA ROSITA,"P.ZZA FILIPPO CORRiDONI,26",1438300897,96012,AVOLA,SR,SIRACUSA,"36,9272002","15,11904756"
laltrafarmacia,via g.b.fardella386,2242010813,91100,TRAPANI,TP,TRAPANI,"38,0202591","12,530445"
Farmashop Dr.Balbo,via Giusti 47,4415710872,95040,SAN CONO,CT,CATANIA,"37,2912524","14,3665216"
croce verde,via Principe Piemonte 48,1083990893,96010,PORTOPALO DI CAPO PASSERO,SR,SIRACUSA,"36,67286268","15,10066252"
Ipersalute srl,Via S. Vigo n 159,4081810873,95024,ACIREALE,CT,CATANIA,"37,63441983","15,16067303"
ESERCIZIO FARMACEUTICO,c.so Garibaldi 420,1120230865,94012,BARRAFRANCA,EN,ENNA,"37,37731576","14,20209153"
SANITARFARM S.N.C DEI F.LLI RONSISVALLE C.&S.,"VIA VITTORIO EMANUELE, 1",4429520879,95038,SANTA MARIA DI LICODIA,CT,CATANIA,"37,61378635","14,89472103"
Farmasalutis,Cso Vittorio Emanuele 212,1514500899,96012,AVOLA,SR,SIRACUSA,"36,9099209","15,1367435"
L'ERBORISTERIA DI TIZIANA MUGNIECO,VIA GEN AMATO 135,1013390883,97013,COMISO,RG,RAGUSA,"36,96394265","14,59410392"
Parafarmacia Sant'Antonio,via Taormina 1,4452930870,95046,PALAGONIA,CT,CATANIA,"37,3283387","14,7446068"
l'erboristeria,via Vittorio Alfieri 32,831510821,90144,PALERMO,PA,PALERMO,"37,89898605","13,08666938"
PARAFARMACIA STE.MAR. srls,"Viale CAMPANIA,58",6524000822,90144,PALERMO,PA,PALERMO,"38,14453513","13,33896918"
ADRIANA ALBANESE,VIA GAETANO DAITA 34,5592330822,90100,PALERMO,PA,PALERMO,"38,12690919","13,3551896"
PARAFARMACIA  Dr  FICANI,via Leonardo Cacioppo n°56/58,2268820814,92013,MENFI,AG,AGRIGENTO,"37,61215302","12,96586907"
FARMASANITARIA,VIA NAZIONALE,1937430831,98048,SPADAFORA,ME,MESSINA,"38,2262792","15,395357"
PARAFARMACIA DI VULCANO,VIA PORTO LEVANTE,2851920831,98050,LIPARI,ME,MESSINA,"38,463769","14,953475"
officine ortopediche policlinico srl,Piazza francesco durante 19/20/21,4998450821,90127,PALERMO,PA,PALERMO,"38,1031551","13,3628001"
Laboratorio Erboristico Dott. Parla roberta,"Via Vittorio Emanuele, 70",2778260816,91028,PARTANNA,TP,TRAPANI,"37,72689924","12,89132459"
Parafarmacia C & D S.r.l.,"Via Randone, 9",1578230896,96100,SIRACUSA,SR,SIRACUSA,"37,0714069","15,2829873"
ASSFARMA,"VIA XXI APRILE, 3",4479310874,95047,PATERNO',CT,CATANIA,"37,53277515","14,85595885"
OXA S.R.L.,VIA AUTONOMIA SICILIANA N. 105-107,611150822,90143,PALERMO,PA,PALERMO,"38,13022074","13,33094987"
parafarmacia torre,"rettifilo garibaldi, 235",2291400840,92027,LICATA,AG,AGRIGENTO,"37,15445221","13,91888255"
IL DECALOGO DELLA DOTT.SSA MARIA PERLA CLEMENTE,"VIA TORREARSA, 7",1424880811,90139,PALERMO,PA,PALERMO,"38,1264459","13,35559217"
Parafarmacia  Valdemone  Srl,Via Croce Rossa 61/B,5593020828,90144,PALERMO,PA,PALERMO,"38,13022074","13,33094987"
GERMANO PIERPAOLO,VIA A. EINSTEIN N. 33,1577560897,97013,COMISO,RG,RAGUSA,"36,96394265","14,59410392"
Parafarmacia dei Nebrodi S.r.l.,"VIA DEI NEBRODI, 65 A/B",5913120829,90146,PALERMO,PA,PALERMO,"38,1532203","13,32721117"
profarma srl,"via androne,60",4468050879,95124,CATANIA,CT,CATANIA,"37,5109969","15,0801959"
PUNTOFARMA del Dott. Giovinazzo Domenico Corrado,"Via Vittorio Emanuele II, 169",4962660876,95030,GRAVINA DI CATANIA,CT,CATANIA,"37,55482101","15,062748"
FARMASTORE DI TRISCHITTA MASSIMO,VIA CENTONZE 69,1990940833,98100,MESSINA,ME,MESSINA,"38,18838652","15,55557235"
Zerbo Antonino,Via Umberto 54,4485000873,95035,MALETTO,CT,CATANIA,"37,82532156","14,86691909"
BRUALFARM S.A.S.,"VIA RISORGIMENTO, 161",2911360838,98057,MILAZZO,ME,MESSINA,"38,22264431","15,2381075"
MEDICAL SERVICE DEL DOTT. GINO RICCIOTTI,PIAZZA EURIPIDE 15A,1545090894,96100,SIRACUSA,SR,SIRACUSA,"37,0714069","15,2829873"
Maria Stella Spasari,Viale Italia 90,1335870893,96011,AUGUSTA,SR,SIRACUSA,"37,27198315","15,12673274"
centro farmaceutico veterinario,"via liccio, 34",5477610827,90012,CACCAMO,PA,PALERMO,"37,93375","13,664638"
PARAFARMACIA DOTT. ANNA MARIA SAMBATARO,VIA VITTORIO EMANUELE III N. 526,4485770871,95032,BELPASSO,CT,CATANIA,"37,528824","14,93726404"
erb.farmacia delle erbe,via U.Bonino ang. via Siligato,2135250831,98124,MESSINA,ME,MESSINA,"38,1940297","15,554114"
FARMA-IN SRL,VIA TERRASANTA 41/43,5608480827,90141,PALERMO,PA,PALERMO,"38,12757734","13,34626093"
lafalce rossella,via f.crispi515,3622100877,98028,SANTA TERESA DI RIVA,ME,MESSINA,"37,95709051","15,34563788"
Parapharmacia di Molandi Pierantonio e Alberto s.n.c.,Via ROMA 495,5965610826,90100,PALERMO,PA,PALERMO,"38,1313676","13,18377036"
FARMASANITARIA DELLA DOTT.SSA R.ROMEO,VIA PANORAMICA DELLO STRETTO N.1368,2836400834,98168,MESSINA,ME,MESSINA,"38,1940297","15,554114"
MARESCALCO CHIARA,C.SO SAVOIA 3,4443380870,95024,ACIREALE,CT,CATANIA,"37,62127527","15,16259875"
parafarmacia dr.ssa Giacalone Maria Concetta,via Val di Mazara .65,1837970811,91026,MAZARA DEL VALLO,TP,TRAPANI,"37,6498122","12,6096979"
Friscia Michela,via Rodolfo Morandi n°39,1676470840,92019,SCIACCA,AG,AGRIGENTO,"37,5085148","13,0816305"
Pharmacenter di Albano Alfonso,Via L. Filippo Labiso 2,5945700820,90015,CEFALU',PA,PALERMO,"38,0370565","14,0216939"
Parafarmacia Dr.ssa Salmeri Marina,Via Firenze n°201-205,5083490879,95030,CATANIA,CT,CATANIA,"37,44220831","15,03582932"
MV Srl,via Casarsa n.42/b,2915470831,98030,GIARDINI-NAXOS,ME,MESSINA,"37,8241584","15,26243823"
Parafarmacia del viale del Dott. Roberto Zichichi,Viale Regione Siciliana n43,2819880812,91100,TRAPANI,TP,TRAPANI,"38,0172776","12,5386611"
FARMA HERBE PARAFARMACIA DOTT.SSA FERRARO PIERA,VIA ROMA N.44,5578420829,90046,MONREALE,PA,PALERMO,"37,92511241","13,178106"
PARAFARMACIA DELLA STAZIONE,PIAZZA GIOVANNI XXIII,4451000873,95100,CATANIA,CT,CATANIA,"37,50773813","15,09953714"
FARMANTICA MAMELI s.r.l.,Via MAMELI 118,1851790897,96012,AVOLA,SR,SIRACUSA,"36,9272002","15,11904756"
AREAFARMA DI TRINACRIA PHARMA SERVIZI SRL,VIA MADONNA DELLE GRAZIE SN,4475960870,95024,ACIREALE,CT,CATANIA,"37,63441983","15,16067303"
CORNER PARAFARMACIA c/o IPER SIMPLY,VIA MADONNA DELLE GRAZIE SN,4475960870,95024,ACIREALE,CT,CATANIA,"37,63441983","15,16067303"
Parafarmacia Natura & Benessere,Via Don Luigi Sturzo n. 5,2118470836,98049,VILLAFRANCA TIRRENA,ME,MESSINA,"38,22171732","15,45684066"
dott.alagna giuseppe,"via c.camilliani,122",5628720822,90145,PALERMO,PA,PALERMO,"38,13038293","13,32392317"
parafarmacia dott.a.caruso,via a.cirrincione n°2,5606800828,90143,PALERMO,PA,PALERMO,"38,13022074","13,33094987"
farmaconf,piazza san orsola 10,4500770872,95033,BIANCAVILLA,CT,CATANIA,"37,67054648","14,90057908"
FARMAPOINT,viale Pricipe Umberto 52,4494970876,95041,CALTAGIRONE,CT,CATANIA,"37,19096831","14,51189636"
aloi  grazia,via cairoli 187/b,1959470830,98051,BARCELLONA POZZO DI GOTTO,ME,MESSINA,"38,13272456","15,2274408"
NGS Parafarmacia,Via Felicetto n° 2,3609370873,95010,SANTA VENERINA,CT,CATANIA,"37,6654024","15,1395225"
La Clorofilla di Eliseo Elisa,"Via Catania, 49",5614780822,90141,PALERMO,PA,PALERMO,"38,10224685","13,49676065"
Parafarmacia Starbene,Viale dei PLatani n°111,4501820874,95047,PATERNO',CT,CATANIA,"37,57352675","14,9123258"
Parafarmacia,Via della Regione n.329,1812670873,95037,SAN GIOVANNI LA PUNTA,CT,CATANIA,"37,57712192","15,09267251"
erboristeria sas,via garibaldi 17,1478990813,91025,MARSALA,TP,TRAPANI,"37,93040009","12,32785633"
erboristeria parafarmacia,via Garibaldi n 30,3247210879,95048,SCORDIA,CT,CATANIA,"37,2944046","14,8424031"
HOSPITAL S.a.S. DEL Dr. COLOSI NICOLO' & C.,"VIA TESTAFERRATA,10-12",1587410893,96100,SIRACUSA,SR,SIRACUSA,"37,0714069","15,2829873"
PARAFARMACIA SANITARIA DOTT.SSA CETTY MOLLICA,VIALE ANNUNZIATA 83,2926710837,98168,MESSINA,ME,MESSINA,"38,21997567","15,55774319"
FARMAPOINT di Salvatore Scianna,Via LORETO 46/A,5639950822,90010,ALTAVILLA MILICIA,PA,PALERMO,"38,03964962","13,54861694"
Farmasanitaria Longo Stefana,via Regione Siciliana 2,2884510831,98041,MONFORTE SAN GIORGIO,ME,MESSINA,"38,13567014","15,3948074"
Parafarmacia Dott. Gucciardino,Via Piersanti Mattarella 128,2490610843,92026,FAVARA,AG,AGRIGENTO,"37,31834487","13,67252476"
FARMAVET DI INTURRI DR. PAOLA,VIA RE FERDINANDO DI BORBONE 4A,1135930897,96100,SIRACUSA,SR,SIRACUSA,"37,0714069","15,2829873"
FARMAS SNC di Licari Giuseppina,Via Mazara 228/A,2264570819,91025,MARSALA,TP,TRAPANI,"38,01772175","12,5355582"
PARAFARMACIA SANT'ANTONIO ABATE,Via III^ TRAVERSA 88,5204320872,95032,BELPASSO,CT,CATANIA,"37,581302","14,977918"
Farmaci 01 s.r.l.,"Corso Umberto I, 619",5638270826,90010,FICARAZZI,PA,PALERMO,"38,08836498","13,46233946"
la bottega della salute di ma.vi.si,via vittorio emanuele 23,2063580845,92026,FAVARA,AG,AGRIGENTO,"37,31834487","13,67252476"
PARAFARMACIA MONDO ROSA,VIA PIETRO CASTELLI N. 13,2923500835,98122,MESSINA,ME,MESSINA,"38,1940297","15,554114"
ERBORISTERIA NATUR,VIA UMBERTOI261GIARDINI NAXOS (ME),4330720873,98035,GIARDINI-NAXOS,ME,MESSINA,"37,8241584","15,26243823"
FARMA SANT'ANNA,Viale Principe Umberto 52,5891620873,95041,CALTAGIRONE,CT,CATANIA,"37,22928814","14,52588506"
BELICITTA'  Centro Commerciale,"Via Martiri Caduti di Nassirya, C.da strasatto,Svinc.A/29",7789660961,91022,CASTELVETRANO,TP,TRAPANI,"37,6778705","12,7915383"
Parafarmacia Erboristeria l'angolo della natura,via Comm. Belfiore n. 120,931890891,96015,FRANCOFONTE,SR,SIRACUSA,"37,2260514","14,8786187"
PARAFARMACIA CASA DELLA SALUTE SRL,VIA ETNEA 353,4514480872,95125,CATANIA,CT,CATANIA,"37,61329663","15,02667227"
PARAFARMACIA CASA DELLA SALUTE SRL.,VIA ALVISE CADAMOSTO 13/15,4514480872,95100,CATANIA,CT,CATANIA,"37,51018565","15,0628804"
PARAFARMACIA CASA DELLA SALUTE SRL,VIA CONTE DI TORINO 50,4514480872,95100,CATANIA,CT,CATANIA,"37,51062599","15,09621228"
ALVIN DI TRUPIA ALESSIO S.A.S.,"Via F. G. Pipitone, 77/79",5634970825,90144,PALERMO,PA,PALERMO,"38,13022074","13,33094987"
' U SPIZIALI DI AIELLO GERMANA  C.SAS,"---- V.le della Regione,, 20",5769940874,95040,MOTTA SANT'ANASTASIA,CT,CATANIA,"37,51180757","14,96582494"
Inserra Anna Lisa,"ViaVittorio Emanuele, 80",4045850874,95025,ACI SANT'ANTONIO,CT,CATANIA,"37,606134","15,129016"
GPFARMACI,VIA VITTORIO EMANUELE 148,1592010894,96010,CANICATTINI BAGNI,SR,SIRACUSA,"37,0331309","15,0634638"
parafarmacia venezia,via venezia 408,1778170850,93012,GELA,CL,CALTANISSETTA,"37,0795666","14,2344354"
BOCCHIARO MARIA GRAZIA,Corso Vittorio Emanuele n.617,5637410829,90036,MISILMERI,PA,PALERMO,"38,0231633","13,4457824"
"Parafarmacia, Dott. Falsone Lillo","Via Pirandello, 52",2498640842,92020,PALMA DI MONTECHIARO,AG,AGRIGENTO,"37,18207632","13,76602252"
Parafarmacia Kalos della Dr.ssa Flesca Maria,"Via Villagrazia, 79",5729720820,90125,PALERMO,PA,PALERMO,"38,09124689","13,35578818"
PARAFARMACIA MADONNA DELLE GRAZIE,VIALE DELLA LIBERTA' 41,2924070838,98121,MESSINA,ME,MESSINA,"38,20288675","15,55972786"
'EUROSPAR' GRUPPO 6 GDO SRL,"VIALE CANNATELLO, PAL/ALLETTO",7789660961,92100,AGRIGENTO,AG,AGRIGENTO,"37,32219769","13,56610079"
'EUROSPAR' GRUPPO 6 GDO SRL,"VIA SEN. SAMMARTINO,39",7789660961,92014,CANICATTI',AG,AGRIGENTO,"37,37175426","13,83777524"
CORNER AREAFARMA CITYPER OGNINA,VIA CARUSO/ VIA ACICASTELLO ANGOLO VIA TESEO,4475960870,95100,CATANIA,CT,CATANIA,"37,44220831","15,03582932"
MATTIA LILIANA IRENE,VIA ETNEA N. 507,4522650870,95125,CATANIA,CT,CATANIA,"37,44220831","15,03582932"
Ignazio Picone s.r.l.,"Via Lido, 36/38",2491140840,92019,SCIACCA,AG,AGRIGENTO,"37,50500893","13,05882406"
Bancofarmacia,Via Marconi s/n,1177580865,95030,TREMESTIERI ETNEO,CT,CATANIA,"37,5734718","15,0645075"
Parafarmacia D.ssa Casella,Corso della Libertà 112,2930000837,98043,ROMETTA,ME,MESSINA,"38,23213858","15,40845528"
PARAFARMACIA DOTT.SSA VITA RITA ANGILERI,---- C.DA CUORE DI GESU' 656,2656170814,91020,MARSALA,TP,TRAPANI,"37,798045","12,4370156"
dott.ssa Maria Concetta-Parafarmacia,"Via Piave, 61",1781430853,93010,CAMPOFRANCO,CL,CALTANISSETTA,"37,5122425","13,712322"
PARAFARMACIA DEL DOTT. LA MALFA TOMMASO,VIA SAN GIOVANNI 103,2818910834,98057,MILAZZO,ME,MESSINA,"38,21508145","15,23482011"
Pharmasi Farmashop,"Centro Commerciale Tremestieri SS114 km6,2",1466620836,98128,MESSINA,ME,MESSINA,"38,1940297","15,554114"
LIVI FARM di Vitellino Maria elisa Carla,"Via EMANUELE BELLIA, 271/A",5249550871,95047,PATERNO',CT,CATANIA,"37,5706513","14,8982886"
parafarmacia punto salute,via s giuseppe,3431450877,95040,CASTEL DI IUDICA,CT,CATANIA,"37,50876938","14,67994134"
FARMACONTEA S.R.L.,VIA SAN GIULIANO 111 E-F,1357210887,97015,MODICA,RG,RAGUSA,"36,85389858","14,82264719"
Parafarmacia Dott.ssa Coco Maria,Via Vecchia Ognina 86/88,10551711004,95127,CATANIA,CT,CATANIA,"37,51544191","15,10183535"
FARMACIA DELL'INDIPENDENZA DOTT. PALERMO ANTONINO & C. SNC,via timeo 23,1836200871,98039,TAORMINA,ME,MESSINA,"37,85414976","15,28822572"
parafarmacia,"Via verona,19",2690230848,92019,SCIACCA,AG,AGRIGENTO,"37,5154465","13,0753278"
Parafarmacia di E.Messina e dott A.Polizzotto srl,Piazzetta I Maggio,5661010826,90010,CAMPOFELICE DI ROCCELLA,PA,PALERMO,"37,98796703","13,87412355"
Bruno Umberto Maria,Via G. Leopardi 110,4531370874,95127,CATANIA,CT,CATANIA,"37,44220831","15,03582932"
FEDERALFARM SRL (PARAFARMACIA),"VIA JOHN KENNEDY, 8",5661420827,90030,BOLOGNETTA,PA,PALERMO,"37,9537252","13,4136438"
FOX PHAMA SRL,"Via Kennedy, 98",5650160822,90040,CAPACI,PA,PALERMO,"38,178973","13,238038"
PARAFARMACIA DELLA D.SSA PULVIRENTI FRANCESCA,VIA BELLINI 18,4532260876,95030,SAN PIETRO CLARENZA,CT,CATANIA,"37,56680963","15,02247251"
croce verde srl,"via venezia,405/407",1776210856,93012,GELA,CL,CALTANISSETTA,"37,0699581","14,2427681"
GEVICA FARM SRL,"VIALE DELLA VITTORIA, 273",2495250843,92100,AGRIGENTO,AG,AGRIGENTO,"37,50689","13,08846541"
PARAFARMACIA PIEMONTE,"VIALE EUROPA,193",2938580830,98124,MESSINA,ME,MESSINA,"38,1781117","15,55291965"
Parafarmacia s.a.s. di Moncada Eleonora & c.,via Regina Elena 25,1597880895,96018,PACHINO,SR,SIRACUSA,"36,74229619","15,11901071"
Etna Parafarmacia S.r.l.,via Madonna delle Grazie n.38,4535060877,95031,ADRANO,CT,CATANIA,"37,66350537","14,83461032"
DE NATALE GIUSEPPA,VIA UMBERTO 103/A,4521570871,95030,SANT'AGATA LI BATTIATI,CT,CATANIA,"37,55386175","15,08132036"
BI-EMME SRL,VIA AMM.STAITI N. 101,2151600810,91100,TRAPANI,TP,TRAPANI,"38,0176177","12,537202"
ALIDA SAS,CORSO CALATAFIMI 950,5647230829,90129,PALERMO,PA,PALERMO,"38,10305774","13,33033886"
PARAFARMACIA D.ssa FAZZARI Romina,"Corso Vittorio Emanuele, 277",2496280807,98037,LETOJANNI,ME,MESSINA,"37,89089688","15,30794138"
parafarmacia croce verde,via roma 42,4542680873,95040,MIRABELLA IMBACCARI,CT,CATANIA,"37,31935111","14,46155846"
NATURAL PHARMA della dott.ssa Laura Motta,"via Ten. Platania, 100",4542830874,95040,MOTTA SANT'ANASTASIA,CT,CATANIA,"37,47575611","14,97389962"
Parafarmacia dott.ssa Maria Carmela Savarino,via Cesare Battisti 24,2506360847,92020,SAN BIAGIO PLATANI,AG,AGRIGENTO,"37,5099511","13,5261673"
parafarmacia dott.ssa lena antonella,"via gramsci,7/9",1785150853,92020,SAN GIOVANNI GEMINI,AG,AGRIGENTO,"37,61734017","13,64934337"
Paramed del.dott.VincenzoAntonioAgatinoPappalardo,via Bruno Buozzi 62,4547990871,95045,MISTERBIANCO,CT,CATANIA,"37,47575611","14,97389962"
PARAFARMACIA DELLA DOTT.SSA G. MAIOLINO,PIAZZA DON DIEGO 41,4537830871,95030,PEDARA,CT,CATANIA,"37,61890762","15,06083241"
PARAFARMACIA CONAD,#NOME?,1967130541,96010,MELILLI,SR,SIRACUSA,"37,21094156","15,09948545"
parafarmacia di dott.essa Adamo Corradina,"Via Santi Bonaccorsi, 36/37",4548690876,95022,ACI CATENA,CT,CATANIA,"37,57396518","15,14020649"
PHARMASALUTE S.R.L.,VIALE FRANCESCO DE VITA N.89/91,2291580815,91020,PETROSINO,TP,TRAPANI,"37,70990917","12,52512399"
Parafarmacia Dr.ssa Di Gloria S.r.l.,"Via Messina, 749",5560040874,95126,CATANIA,CT,CATANIA,"37,5324876","15,11310321"
FOX PHARMA ONE SRL,VIA TORRETTA N. 14,5686480822,90044,CARINI,PA,PALERMO,"38,12956244","13,16340388"
PAGANOFARMA SRL,VIA POLA N.11/A,4553620875,95127,CATANIA,CT,CATANIA,"37,44220831","15,03582932"
PARAFARMACIA GUERCIO MASSIMO,VIA REGINA MARGHERITA N.16/18,1237740814,91010,SAN VITO LO CAPO,TP,TRAPANI,"38,12391712","12,75897376"
PARAFARMACIA DOTT. ALONGE,Via ROMA,2870760846,92010,LAMPEDUSA E LINOSA,AG,AGRIGENTO,"35,5004728","12,6055049"
PARAFARMACIA DON BOSCO DEL DR.FRANCESCO CINA',VIA DEL GRANATIERE N°14,5679700822,90143,PALERMO,PA,PALERMO,"38,13022074","13,33094987"
UM.AN.CI.SA. SRL,SS 121 C/O CENTRO COMMERCIALE ETNAPOLIS,4536470877,95032,BELPASSO,CT,CATANIA,"37,528824","14,93726404"
GIVIFARM,"Via G. DI VITTORIO, 102",1378140881,97100,RAGUSA,RG,RAGUSA,"36,90707175","14,66410005"
Ludo farma parafarmacia,c.da rovettazzo,4747780874,95018,RIPOSTO,CT,CATANIA,"37,732124","15,2054271"
Esercizio Farmaceutico Del Dott. Gullotta Davide,Piazza Duomo 18/19,4567830874,95016,MASCALI,CT,CATANIA,"37,76653982","15,16686771"
PARAFARMACIA CASA DELLA SALUTE,"VIA RENATO IMBRIANI,255",4451000873,95128,CATANIA,CT,CATANIA,"37,62288929","15,07848"
FARMASANITARIA S.R.L.,PIAZZA DENARO N. 1,1594110890,96012,AVOLA,SR,SIRACUSA,"36,9272002","15,11904756"
L'ANGOLO DELLA SALUTE SRL,Via DELL'OLIMPO 24-26,6360070822,90100,PALERMO,PA,PALERMO,"38,18885577","13,31871063"
parafarmacia viale liberta',viale liberta' 174,4566760874,95129,CATANIA,CT,CATANIA,"37,60132149","15,13963062"
"Parafarmacia Santa Marina,Dott.ssa Cioni Serena",Via Risorgimento n 12,4551190871,98050,SANTA MARINA SALINA,ME,MESSINA,"38,55571575","14,85967361"
profarma srl,"via androne,73",4468050879,95124,CATANIA,CT,CATANIA,"37,5105983","15,0804197"
profarma srl,"via vittorio emanuele,432",4468050879,95033,BIANCAVILLA,CT,CATANIA,"37,66702897","14,8369544"
profarma srl,"via nazionale, 117/119",4468050879,98040,VENETICO,ME,MESSINA,"38,2303886","15,4084625"
profarma srl,"via torino,15",4468050879,98045,SAN PIER NICETO,ME,MESSINA,"38,13198823","15,36402128"
PALERMO,VIA UGO LA MALFA 115,3349310965,91100,PALERMO,PA,PALERMO,"38,16201535","13,31346298"
Parafarmacia Dott. Piergiorgio Milazzo,Via Cappuccini ;163,4549680876,95031,ADRANO,CT,CATANIA,"37,6610287","14,83703965"
TEKNO PHILIAS SNC DI TERRANA CLAUDIO E C.,"VIA REGIONE SICILIANA, 5",2436970848,92100,AGRIGENTO,AG,AGRIGENTO,"37,32219769","13,56610079"
PARAFARMACIA DEL DOTT.LEANZA UGO,VIALE REGINA ELENA N 43,2952420830,98033,CESARO',ME,MESSINA,"37,8692062","14,6638216"
Parafarmacia Dott. Farzad Dabiri,via Virgilio 5,977520881,97100,RAGUSA,RG,RAGUSA,"36,9168224","14,726306"
La Salute di...Ferro Parafarmacia del D. Amico,Corso Garibaldi 96,4483830875,96012,AVOLA,SR,SIRACUSA,"36,90467451","15,13655216"
FARMA PIU' S.N.C.,VIA VAL DI MAZARA 29-29/A,5715470828,90100,PALERMO,PA,PALERMO,"38,14922216","13,33873197"
parafarmacia Gela,via venezia 188,1773760853,93012,GELA,CL,CALTANISSETTA,"37,071475","14,251775"
farmapiu',ipersimply via etnea ang. via degli esportatori,1550890899,96016,LENTINI,SR,SIRACUSA,"37,2998767","14,9995246"
D.F.D. FARMACEUTICA S.R.L.,Via MARTIRI DI VIA FANI N.32,4595920879,95034,BRONTE,CT,CATANIA,"37,7897624","14,8308093"
Realfarma di Orazio Reale & C.S.A.S,"Via Trieste,49/A III°Trav.",4572480871,95020,ACI CASTELLO,CT,CATANIA,"37,55617715","15,13931247"
Parafarmacia Galermo & C snc,v.le A. De Gasperi. 173/a,3887590879,95100,CATANIA,CT,CATANIA,"37,44220831","15,03582932"
Il Farmacista del dott. Salvatore Rosselli,via Regina Margherita 26,2289120814,91027,PACECO,TP,TRAPANI,"37,98045158","12,55926757"
FARMA IMPRESA S.R.L.,LARGO VILLAURA N.6,5678680827,90100,PALERMO,PA,PALERMO,"38,13628212","13,36195682"
DFD ZOOTECNIA e VETERINARIA,VIA SACRAMENTO 93,2438720845,92020,SAN GIOVANNI GEMINI,AG,AGRIGENTO,"37,61734017","13,64934337"
PARAFAMACIA,Via Montalbo 148/150,5657040829,90142,PALERMO,PA,PALERMO,"38,13809935","13,36316155"
PARAFARMACIA dott.ssa Recca G.,via vincenzo giuffrida 174c,1288440876,95128,CATANIA,CT,CATANIA,"37,51842722","15,09161359"
parafarmacia Cellura,Via Palma 171,2535920843,92027,LICATA,AG,AGRIGENTO,"37,15445221","13,91888255"
Bancofarmacia Dott.ssa Lazzaro Ida,"pzz. Cadorna, 10",4595290877,95034,BRONTE,CT,CATANIA,"37,790658","14,83094"
Parafarmacia Dott.E.Zaccone,Via Pascoli 6,1631070891,96017,NOTO,SR,SIRACUSA,"36,91237347","15,01984623"
CARUSO MARIA SANTINA,VIA GIACOMO MATTEOTTI N. 320,3611100870,95045,MISTERBIANCO,CT,CATANIA,"37,47575611","14,97389962"
Faro della Salute di Fazio Salvatore & C. s.a.s.,Via Messina 1H,2992540837,98158,MESSINA,ME,MESSINA,"38,1940297","15,554114"
T&B S.R.L.,Via De Caro 82,1120230865,95126,CATANIA,CT,CATANIA,"37,52850899","15,10808285"
PARAFARMACIA DOTT.SSA F.GIORDANO,"Via Principe Umberto, 125",5358120870,95039,TRECASTAGNI,CT,CATANIA,"37,61511357","15,07937214"
PARAFARMACIA,"Viale Mario Rapisardi, 418",4256060874,95123,CATANIA,CT,CATANIA,"37,56234256","15,07200301"
MV S.r.l.,Jannuzzo,2915470831,98035,GIARDINI-NAXOS,ME,MESSINA,"37,8241584","15,26243823"
Raspante Dorotea,"C.so La Masa, 80",3336270826,90019,TRABIA,PA,PALERMO,"37,99433236","13,6569001"
PARAFARMACIA CONAD,Via GELSO BIANCO,1967130541,95121,CATANIA,CT,CATANIA,"37,44220831","15,03582932"
Parafarmacia,"Via G. La Farina,100",2983650835,98123,MESSINA,ME,MESSINA,"38,1940297","15,554114"
parafarmacia,Via umberto I,3719150835,98063,GIOIOSA MAREA,ME,MESSINA,"38,17125454","14,89333011"
parafarmacia dott.ssa ciano carmela,via garibaldi 72,3011940834,98122,MESSINA,ME,MESSINA,"38,1940297","15,554114"
Bonvissuto Nunziata,"via Campobello,6",1731040844,92027,LICATA,AG,AGRIGENTO,"37,15445221","13,91888255"
LA PARAFARMACIA  SNC DI GAMBINA MARIANNA & C.,"VIA ALESSANDRO MANZONI, N.40/42",2351110818,91016,ERICE,TP,TRAPANI,"38,0119388","12,61419424"
Salupharma sas di Turturici Ignazio,corso La Masa 36,5805310827,90019,TRABIA,PA,PALERMO,"37,99433236","13,6569001"
parafarmacia del viale,viale aldo moro 206,1071740896,96018,PACHINO,SR,SIRACUSA,"36,72051272","15,09030048"
parafarmacia pedemontana,via nuova del convento 18,4620680878,95017,PIEDIMONTE ETNEO,CT,CATANIA,"37,80137412","15,13959784"
NUTRISHOP S.A.S. DI CORRADO MALANDRINO E C.,VIA CORRADO CONFALONIERI N. 8,1538730894,96017,NOTO,SR,SIRACUSA,"36,91237347","15,01984623"
billone salvatore,"piazza san francesco,24",1147570863,94014,NICOSIA,EN,ENNA,"37,75966862","14,36717728"
Parafarmacia T.M. s.n.c.,C.so Umberto 363,1147720864,94013,LEONFORTE,EN,ENNA,"37,64475594","14,36552629"
MULTIPHARMA S.R.L.,LUNGOMARE DANTE ALIGHIERI S.N.C.,2356570818,91100,TRAPANI,TP,TRAPANI,"38,0240885","12,522658"
Parafarmacia Naturfarma del dott. A. Barone,"via Pietro Luna, 157",2278500810,91022,CASTELVETRANO,TP,TRAPANI,"37,6842293","12,7887028"
Parafarmacia Piemonte,"Via S. Giuseppe, 21",4732710878,95040,CASTEL DI IUDICA,CT,CATANIA,"37,50876938","14,67994134"
Parafarmacia Dott. Paolo Giordano,Via Libertà s.n.c.,2980450833,98073,MISTRETTA,ME,MESSINA,"37,90318433","14,36815817"
Centro Commerciale Porte di Catania,S.S. del Gelso Bianco Km.84+500 Contrada Bicocca,5031770877,95100,CATANIA,CT,CATANIA,"37,5037449","15,0861293"
Parafarmacia ARTEMISIA,"Via Principe Umberto, 168",1229190887,97019,VITTORIA,RG,RAGUSA,"36,95692426","14,49619784"
PARAFARMACIA DOTT.SSA ANZALDO S.R.L. S.,"Via N. BIXIO, N° 230",1580000881,97019,VITTORIA,RG,RAGUSA,"36,9518933","14,5332768"
PARAFARMACIA DOTT.SSA MIRIAM CRISTOFARO,C.SO VITTORIO EMANUELE 86,4758100871,95042,GRAMMICHELE,CT,CATANIA,"37,2118636","14,6391086"
parafarmacia d'amore,"via aquileia, 114",5848460829,90144,PALERMO,PA,PALERMO,"38,14281678","13,33269271"
PARAFARMACIA ETNAPOLIS,#NOME?,5368500871,95032,BELPASSO,CT,CATANIA,"37,5449539","14,95139957"
parafarmacia tranchina,via malaspina n. 126,5250710828,90145,PALERMO,PA,PALERMO,"38,13022074","13,33094987"
Parafarmacia Dott.ssa Giulia Pedone,"Via Del Ginnasio,24",1156340869,98039,TAORMINA,ME,MESSINA,"37,8517126","15,2892904"
parafarmacia-erboristeria dott.ssa baratta rita,v.vittorio amedeo 9,4029810829,90018,TERMINI IMERESE,PA,PALERMO,"37,95990094","13,7408497"
parafarmacia omeopatica,via carducci 11,1437360884,97100,RAGUSA,RG,RAGUSA,"36,9475014","14,61123448"
PARAFARMACIA DOTTORESSA RESTIVO GRAZIA LUCIA,"VIA VITTORIO EMANUELE ORLANDO, 6",2146390840,92025,CASTELTERMINI,AG,AGRIGENTO,"37,52937302","13,62738864"
PARAFARMACIA RUSSO DOTT.AUGUSTO,VIA SPIRITO SANTO N.77,4675500872,95025,ACI SANT'ANTONIO,CT,CATANIA,"37,62426309","15,11751958"
Parafarmacia di Emanuele Maria Grazia,Piazza Trento e Trieste,3088060839,98079,TUSA,ME,MESSINA,"37,98466574","14,24074935"
cadifarm s.r.l.,"via generale vincenzo streva, 55",5606800828,90143,PALERMO,PA,PALERMO,"38,13811848","13,35086214"
parafarmacia kastalia di bordonaro leonardo,c/da piombo,1324350881,93100,RAGUSA,RG,RAGUSA,"36,9269273","14,7255129"
POSEIDON S.R.L.,CONTRADA CIACHEA SN,5884420828,90044,CARINI,PA,PALERMO,"38,12956244","13,16340388"
PARAFARMACIA XX SETTEMBRE,VIA XX SETTEMBRE 15,5919750827,90141,PALERMO,PA,PALERMO,"38,07988537","13,51007562"
PARAFARMACIA CUSMANO DR.SSA CARMELA SANTANGELO,"VIA SEGNI, 5",2604270849,92019,SCIACCA,AG,AGRIGENTO,"37,5089399","13,0660965"
L'Angolo della Salute,Via Archimede 309,1124590884,97100,RAGUSA,RG,RAGUSA,"36,7593625","14,64665942"
Parafarmacia ARTEMISIA,"Via Rosario Giurato, sn",1229190887,97019,VITTORIA,RG,RAGUSA,"36,9520998","14,5372653"
PARAFARMACIA CATALANO,VIA GHEZZI 27,2604630844,92019,SCIACCA,AG,AGRIGENTO,"37,5065172","13,1084935"
PARAFARMACIA Dott. Alessandro Benedetto Ferlito,Via Ammiraglio Caracciolo 21,5364610872,95123,CATANIA,CT,CATANIA,"37,50762927","15,06751318"
ParaFarmacia Vittorio Emanuele III,"Via Vitt.EmanueleIII,n°27",4451000873,96016,LENTINI,SR,SIRACUSA,"37,2901741","14,9990686"
parafarmacia natura & pharma,"via Vittorio Emanuele Orlando,34",4744390875,95128,CATANIA,CT,CATANIA,"37,57396775","15,10012194"
FARMA CENTER FARMACISTA DEL DOTT. ANDREA SALVO,"CORSO CALATAFIMI,14",1401320815,91025,MARSALA,TP,TRAPANI,"37,79326616","12,44503935"
Parafarmacia Savoia,Corso Savoia 239/c,4832320875,95024,ACIREALE,CT,CATANIA,"37,62127527","15,16259875"
Parafarmacia del Mare,"Via Spiaggia , 115",2058570876,95016,MASCALI,CT,CATANIA,"37,76653982","15,16686771"
parafarmacia armenia vanda,viale papa giovanni xxiii 27/a,1441430889,97016,POZZALLO,RG,RAGUSA,"36,73336119","14,85009428"
Parafarmacia Bruni,viale San Martino 172,1722550835,98100,MESSINA,ME,MESSINA,"38,1781244","15,5488386"
"""IL NIDO"" DI NIPITELLA ELIANA",VIA SOLFERINO 10,1294360894,96016,LENTINI,SR,SIRACUSA,"37,28847214","14,9995013"
parafarmacia sicilia s.r.l.,via carbone 27,5721120821,90151,PALERMO,PA,PALERMO,"38,13022074","13,33094987"
Parafarmacia,"Via Pietro Maria Rocca,1",2261580811,91011,ALCAMO,TP,TRAPANI,"37,96384984","12,97409835"
parafarmacia & spa,c/o sicilia fashion village,1052390869,94011,AGIRA,EN,ENNA,"37,6021502","14,54684898"
Parafarmacia Kalos,Via Pitrè 193/F,5729720820,90136,PALERMO,PA,PALERMO,"38,13022074","13,33094987"
Sudfarmaco,v. N. Bixio 54,2462260841,91025,MARSALA,TP,TRAPANI,"37,792038","12,45036"
parafarmacia Orto Botanico del dott. Franco Faro,via A. Longo 20,2832530873,95125,CATANIA,CT,CATANIA,"37,44220831","15,03582932"
BRUNETTO S.R.L.,V.LE TURATI 104,1693920892,96014,FLORIDIA,SR,SIRACUSA,"37,08098456","15,11535358"
PARAFARMACIA IGEA,VIA PAPA GIOVANNI XXIII n°167,5982110826,90011,BAGHERIA,PA,PALERMO,"38,07868195","13,51779403"
multifarma professional srl,via sciarelle 67-67/A,4873320875,95024,ACIREALE,CT,CATANIA,"37,63441983","15,16067303"
parafarmacia spina di spina m. g. & c. sas,piazza marinella 30,2418890816,91010,SAN VITO LO CAPO,TP,TRAPANI,"38,12391712","12,75897376"
PARAFARMACIA SEBASTIANO CATANIA,Via SEBASTIANO CATANIA N312,5368500871,95123,CATANIA,CT,CATANIA,"37,51864259","15,05994491"
Parafarmacia Erboristeria Salute e...,Via Francesco Crispi 253,3172060968,98028,SANTA TERESA DI RIVA,ME,MESSINA,"37,95709051","15,34563788"
sanamedical dott.ssa teresa pisani,via Dogali 73,1338700881,97016,POZZALLO,RG,RAGUSA,"36,7388349","14,85821744"
punto farma,---- corso umberto 628,4231100829,90010,FICARAZZI,PA,PALERMO,"38,09050485","13,46450945"
Farmapoint di Gaetano Gargano,"Via Tibullo, 32-34",5649730826,90011,BAGHERIA,PA,PALERMO,"38,07619955","13,49707364"
parafarmacia dott.ssa giardina,"via vittorio emanuele,1",2259070841,92023,CAMPOBELLO DI LICATA,AG,AGRIGENTO,"37,23679736","13,91855522"
FARMA IMPRESA S.A.S.,VIA DEI CANTIERI 39/C,5678680827,90100,PALERMO,PA,PALERMO,"38,13705677","13,36316402"
NATURGLAIA,Via ROMA 63,4434330876,95025,ACI SANT'ANTONIO,CT,CATANIA,"37,61527015","15,0809919"
PARAFARMACIA KAMARINA,Via LIVORNO SNC - SCOGLITTI,1477130882,97019,VITTORIA,RG,RAGUSA,"36,95692426","14,49619784"
Parafarmacia BenessereBellessere dr Paolo Minacori,Via Atenea 91,2640150849,92100,AGRIGENTO,AG,AGRIGENTO,"37,31095839","13,58128479"
PARAFARMACIA BIOPHARMA,"CORSO UMBERTO I,48",4583110871,95024,ACIREALE,CT,CATANIA,"37,61651682","15,16677196"
PARAFARMACIA DON BOSCO SRL,VIA DON BOSCO 116-118,1864040850,93017,SAN CATALDO,CL,CALTANISSETTA,"37,49947519","13,92700114"
OFFICINA ORTOPEDICA BELLOMO,VIA PORTA AGRIGENTO,2540140841,92015,RAFFADALI,AG,AGRIGENTO,"37,40228413","13,52938386"
d'agostino maurizio,via umberto 135,4909370878,95129,CATANIA,CT,CATANIA,"37,86955497","15,03712923"
FARMAHOMEOS di Allegra Maria Concetta,Via Domenico Scinà n. 90/2,2292300817,91022,CASTELVETRANO,TP,TRAPANI,"37,6778705","12,7915383"
PARAFARMACIA CITTA' DEI TEMPLI DOTT. ALONGE,"VIA FOSSE ARDEATINE, VILLA SETA",2510070846,92100,AGRIGENTO,AG,AGRIGENTO,"37,3110897","13,5765475"
Parafarmacia Buona Salute,via Garibaldi,4732710878,95040,RADDUSA,CT,CATANIA,"37,49371948","14,53394414"
Parafarmacia GIPA FARM srl,via Francesco Crispi 371,1873900854,93012,GELA,CL,CALTANISSETTA,"37,075088","14,237017"
Parafarmacia DA.MA,via Strada per Acate 3/B,1490250881,97019,VITTORIA,RG,RAGUSA,"36,95692426","14,49619784"
farmarisparmio,via V. Emanuele,4732710878,95047,PATERNO',CT,CATANIA,"37,53277515","14,85595885"
farmarisparmio,via garibaldi,4732710878,95048,SCORDIA,CT,CATANIA,"37,2975689","14,8393735"
farmarisparmio,via palermo,4732710878,95046,PALAGONIA,CT,CATANIA,"37,3316569","14,7435916"
farmarisparmio,via garibaldi,4732710878,96016,LENTINI,SR,SIRACUSA,"37,3317692","14,9169155"
farmarisparmio,corso delle province,4732710878,95100,CATANIA,CT,CATANIA,"37,51576832","15,09785625"
Parafarmacia Dr. Bertuccio Giuseppe,Corso S. Vito 57/int 67,4548540873,95030,MASCALUCIA,CT,CATANIA,"37,58707398","15,03981319"
PARAFARMACIA DOTT.SSA CUCUZZA MARIA FLOREANA,"VIA VITTORIO EMANUELE, 162",4217690876,95030,GRAVINA DI CATANIA,CT,CATANIA,"37,55482101","15,062748"
PARAFARMACIA DOTT.SSA CUCUZZA MARIA FLOREANA,"VIA ETNA, 182",4217690876,95030,TREMESTIERI ETNEO,CT,CATANIA,"37,57444225","15,07341013"
PARAFARMACIA DOTT.SSA CUCUZZA MARIA FLOREANA,PIAZZA LUCIA MANGANO,4217690876,95037,SAN GIOVANNI LA PUNTA,CT,CATANIA,"37,57741815","15,09451972"
PARAFARMACIA DOTT.SSA CUCUZZA MARIA FLOREANA,CORSO SAN VITO,4217690876,95030,MASCALUCIA,CT,CATANIA,"37,57470269","15,05724706"
PARAFARMACIA DOTT. ALONGE RICCARDO,"VIA IMERA ,139",2510070846,92100,AGRIGENTO,AG,AGRIGENTO,"37,31836711","13,58051763"
SALUTE E BENESSERE S.R.L.,"Via Salvatore La Rosa, 172/a",2633870841,92021,ARAGONA,AG,AGRIGENTO,"37,42045538","13,61218134"
Benessere snc,corso Vittorio Emanuele 188,1874880857,93017,SAN CATALDO,CL,CALTANISSETTA,"37,49947519","13,92700114"
Parafarmacia della Dottoressa Ruscica Rosy,via Fallica 52,4883750871,95033,BIANCAVILLA,CT,CATANIA,"37,63844274","14,87086733"
Parafarmacia,c/so Matteotti 140,3177450834,98066,PATTI,ME,MESSINA,"38,146477","14,969479"
LA PARAFARMACIA DOTT.SSA NADIA PITTALA',Via VITTORIO EMANUELE 235,3492490838,95038,SANTA MARIA DI LICODIA,CT,CATANIA,"37,61378635","14,89472103"
parafarmacia fontana,via archi 39,2283000814,91100,TRAPANI,TP,TRAPANI,"38,02515835","12,5335475"
C.O.S. di Grasso Salvatore,"via Maccarrone, 11/c",2694890878,95014,GIARRE,CT,CATANIA,"37,72524465","15,19452665"
ARKIPHARM SRL,"VIA TRIPOLITANIA, 30",4503270870,95100,CATANIA,CT,CATANIA,"37,51903044","15,09356892"
Parafarmacia,Corso della Libertà 112,2930000837,98043,ROMETTA,ME,MESSINA,"38,23213858","15,40845528"
Parafarmacia della dott.ssa Castrogiovanni,via Gramsci 21,1738300894,96013,CARLENTINI,SR,SIRACUSA,"37,29649421","15,00776794"
FLACCOMIO GIOVANNI,"VIA KENNEDY N. 3, 5, 7",425960838,98051,BARCELLONA POZZO DI GOTTO,ME,MESSINA,"38,13272456","15,2274408"
La Parafarmacia,Via Giorgio La Pira n. 21/23,1487880880,97100,RAGUSA,RG,RAGUSA,"36,8246606","14,5263254"
Parafarmacia Biocenter srl,ctr. Filippello zona industriale artigianale,3168700833,98069,SINAGRA,ME,MESSINA,"38,08264519","14,84954623"
tribuna pharma di tribuna vincenza,via sant'elia 97/f,4602860829,90017,SANTA FLAVIA,PA,PALERMO,"38,09160594","13,53836863"
SANFILIPPO FARMACEUTICI SRL,VIA ALDO MORO ANG. VIA GIUGA,1660470897,96019,ROSOLINI,SR,SIRACUSA,"36,82424","14,947792"
Parafarmacia della Dott.ssa Valvo Erika,Via San Giovanni 23,1737120897,96010,MELILLI,SR,SIRACUSA,"37,21094156","15,09948545"
Farmavita di Chianello Mary,"Corso Calatafimi, 979b",6066650828,90129,PALERMO,PA,PALERMO,"38,10305774","13,33033886"
FARMA BRUSCE' DI TINNIRELLO VALENTINA JENNIFER,"Via Ettore Fieramosca, 230",1603020882,97100,RAGUSA,RG,RAGUSA,"36,90707175","14,66410005"
Farma etnea S.r.l.,Via L. Capuana 22,4946400878,95030,TREMESTIERI ETNEO,CT,CATANIA,"37,57444225","15,07341013"
farmacontea srl,P.zza Scalo Trapanese,1357210887,97010,RAGUSA,RG,RAGUSA,"36,78309103","14,54819661"
Farmakosan,Via Madonna della Via 165,4518360872,95041,CALTAGIRONE,CT,CATANIA,"37,22007901","14,52725965"
Parafarmacia dell'Ospedale,Via S. maria di Gesù 20,4518360872,95041,CALTAGIRONE,CT,CATANIA,"37,19096831","14,51189636"
parafarmacia dott.ssa manuela trombetta,Via re martino 172,5850080879,95021,ACI CASTELLO,CT,CATANIA,"37,5547418","15,1462909"
Parafarmacia EUROPA,Viale Europa 4/A,4518360872,95041,CALTAGIRONE,CT,CATANIA,"37,21871015","14,52551475"
Farmakosan,Via Fontanelle 5-7,4518360872,95041,CALTAGIRONE,CT,CATANIA,"37,19096831","14,51189636"
Integra srl,"via Papa Giovanni XXIII, 17-19-21",5249610824,90011,BAGHERIA,PA,PALERMO,"38,07868195","13,51779403"
Parafarmacia Terranova,via Empedocle Restivo 77,6064850826,90144,PALERMO,PA,PALERMO,"38,14682415","13,33436654"
Parafarmacia PARA&FARMACO,Via ludovico Ariosto 30,4962890879,95024,ACIREALE,CT,CATANIA,"37,61714779","15,15389822"
NICOLOSI SALVATRICE,VIA MAZZINI 52,4716080876,95038,SANTA MARIA DI LICODIA,CT,CATANIA,"37,62478541","14,89727729"
Parafarmacia Porta Catania,Via Crocifisso,1881630857,98039,TAORMINA,ME,MESSINA,"37,85108765","15,28123385"
Parafarmacia Bandiera,via bandiera 39,6085660824,90100,PALERMO,PA,PALERMO,"38,11846706","13,36119204"
GUARDI' GIUSEPPA,VIA CEFALU' N.116/118,6100270823,90013,CASTELBUONO,PA,PALERMO,"37,93218799","14,09570716"
Cabrefarm srl,"via Salvatore Denaro , 1",1481920880,97016,POZZALLO,RG,RAGUSA,"36,732172","14,85668"
TEKNO PHILIAS SNC DI TERRANA CLAUDIO E C.,"Via Gancini,76",2436970848,92014,PORTO EMPEDOCLE,AG,AGRIGENTO,"37,31044113","13,50704362"
Parafarmacia per essere in benessere,Via Vittorio emanuele 42,4953740877,95038,SANTA MARIA DI LICODIA,CT,CATANIA,"37,61378635","14,89472103"
DOTT.SSA PIAZZA SANTA,VIA ROMANO N° 42,1182830867,94012,BARRAFRANCA,EN,ENNA,"37,379144","14,201071"
FARMA ROSA di Giuseppe Bertuccio,"Via Nuovalucello 154/c, 154/c",5605620870,95126,CATANIA,CT,CATANIA,"37,44220831","15,03582932"
parafarmacia dott.ssa Treccarichi Elisa,via Madonna delle Grazie 1,4648750877,95024,ACIREALE,CT,CATANIA,"37,59606257","15,17072946"
LEFARMISSIME SRL,Via I settembre 44,3197780830,98124,MESSINA,ME,MESSINA,"38,18795622","15,55832255"
Vivisalute Carini,---- ss 113 km. 182,5636350877,90044,CARINI,PA,PALERMO,"38,12956244","13,16340388"
PARAFARMACIA RIZZO,VIA CAMPIDOGLIO N.40,3206350831,98076,SANT'AGATA DI MILITELLO,ME,MESSINA,"38,03744438","14,64010999"
Parafarmacia dottor Giuseppe Occhipinti Amato,Fanfulla da Lodi 8,1502620881,97100,RAGUSA,RG,RAGUSA,"36,90707175","14,66410005"
Farmachl San Cataldo,"Via Vittorio Veneto, 20",1884490853,93017,SAN CATALDO,CL,CALTANISSETTA,"37,49947519","13,92700114"
Nicoloso Domenica,via G. Garibaldi n.121,4510540877,95030,NICOLOSI,CT,CATANIA,"37,613612","15,023007"
noitutti s.r.l.,Caruso/via Acicastello ang.Via Teseo presso Ipersimply,4996710879,95126,CATANIA,CT,CATANIA,"37,44220831","15,03582932"
"Orchidea Farma ""Farmavitae""","Via Senatore di Giovanni, 20",2106320894,96100,SIRACUSA,SR,SIRACUSA,"37,0714069","15,2829873"
Parafarmacia DRAGOPHARM di DRAGO CORRADO,Corso Vittorio Emanuele 118,1761010899,90049,TERRASINI,PA,PALERMO,"38,1473393","13,08594229"
farmatua srl,via giuseppe garibaldi 19,4996800878,95045,MISTERBIANCO,CT,CATANIA,"37,47575611","14,97389962"
GAMAC S.R.L.,VIALE MICHELANGELO N. 2200,4048740825,90145,PALERMO,PA,PALERMO,"38,13022074","13,33094987"
PARAFARMACIA DOTT.SSA SIMONA VALENZA,VIA AMICO VALENTI 36,1892080852,93100,CALTANISSETTA,CL,CALTANISSETTA,"37,4441251","13,95751097"
STEFELI S.R.L.,"VIA MATTEOTTI, 2/D",5008520875,95048,SCORDIA,CT,CATANIA,"37,2900979","14,8413689"
BIONATURAL PHARMA,Piazza Stazione s.n.c.,2686000841,92027,LICATA,AG,AGRIGENTO,"37,15445221","13,91888255"
La nuova parafarmacia di garofalo bruno & C. s.a.s,"via Garufi,20",3195130830,98037,LETOJANNI,ME,MESSINA,"37,89089688","15,30794138"
Parafarmacia Torremuzza del Dott. Maurizio Mello,"Via Torremuzza , 17",6144190821,90133,PALERMO,PA,PALERMO,"38,1165996","13,37259367"
FARMASELF DI MADONIA FRANCESCO,"VIA PIPITONE FEDERICO, 20",6144750822,90144,PALERMO,PA,PALERMO,"38,13022074","13,33094987"
parafarmacia del centro,via roma 183,1515560884,97100,RAGUSA,RG,RAGUSA,"36,94482094","14,61024719"
CONAD SUPERSTORE,VIA FOSSE ARDEATINE SNC,2657430845,92100,AGRIGENTO,AG,AGRIGENTO,"37,32219769","13,56610079"
PUNTO-PHARMA-UGDULENA SRL,VIA GREGORIO UGDULENA 5/A,6133120821,90143,PALERMO,PA,PALERMO,"38,140365","13,34682099"
PARAFARMACIA DOTT. GIUSEPPE RUSSO,"Via Nuova del Convento, 18",4998420873,95017,PIEDIMONTE ETNEO,CT,CATANIA,"37,80137412","15,13959784"
etnafarma srl,corso vittorio emanuele II 111,5010430873,95017,PIEDIMONTE ETNEO,CT,CATANIA,"37,8091538","15,1764398"
parafarmacia isola del farmaco,via cristoforo colmbo 126,6136350821,90040,ISOLA DELLE FEMMINE,PA,PALERMO,"38,1966364","13,2481759"
Saretta Alberti,"via Giuseppe Fava, 16",4386960878,95123,CATANIA,CT,CATANIA,"37,16190435","14,7648681"
PARAFARMACIA-M.A.S. del Dr. Runfola G. e Figli snc,C.so Umberto 562,1189050865,94013,LEONFORTE,EN,ENNA,"37,6417645","14,3982843"
PARAFARMACIA SERV. E SALUTE DEL DOTT.LISTRO ORAZ,VIA DELL'ORSA MINORE 272/274,5257220821,90124,PALERMO,PA,PALERMO,"38,09445597","13,36834451"
L'ARCIPELAGO S.R.L.,Via LO VERDE 9-31,6030030826,90145,PALERMO,PA,PALERMO,"38,1862873","13,3097523"
Parafarmacia Abbate,Via nazionale n.30,6138020828,90044,CARINI,PA,PALERMO,"38,1668279","13,1081077"
Parafarmacia Dott. Carmelo Triolo,v. Cataldo Amodei 4,2763800840,92019,SCIACCA,AG,AGRIGENTO,"37,5085148","13,0816305"
parafarmacia del viale,Via Mascagni 28,1700770892,96018,PACHINO,SR,SIRACUSA,"36,721498","15,1016002"
CENTRO COMMERCIALE IL PORTO,CORSO ARGENTINA SNC,2657430845,92027,LICATA,AG,AGRIGENTO,"37,1017094","13,9373306"
CONAD SUPERSTORE,viale dei platani n. 87,2657430845,90047,PARTINICO,PA,PALERMO,"38,0569719","13,1126483"
CONAD SUPERSTORE,via giovanni bessarione n. 196,2657430845,91026,MAZARA DEL VALLO,TP,TRAPANI,"37,6624662","12,570615"
Parafarmacia Dott.ssa Nociforo Veronica,Via G.Simili 3/a,4952660878,95030,GRAVINA DI CATANIA,CT,CATANIA,"37,514935","15,0963463"
CURRERIFARMAPIU' DI CURRERI GIOVANNA & C. S.N.C.,VIA PIERSANTI MATTARELLA 13,6161870826,90018,TERMINI IMERESE,PA,PALERMO,"37,9926991","13,6589799"
Parafarmacia d.ssa C. Consoli,"v.le Zecchino, 121",1523320891,96100,SIRACUSA,SR,SIRACUSA,"37,08489627","15,28310629"
Parafarmacia Akos,Via Emanuele Bellia n° 193/195,5231860874,95047,PATERNO',CT,CATANIA,"37,5723461","14,9048373"
Parafarmacia Via Vigo della Dott. Camilla Bottino,Via Salvatore Vigo 94/98,5044250875,95024,ACIREALE,CT,CATANIA,"37,60676477","15,1619158"
Parafarmacia Paternò,"Viale Signore Ritrovato,41",1190930865,94012,BARRAFRANCA,EN,ENNA,"37,376372","14,206672"
PARAFARMACIA DOTT.SSA CHIARA GULLO,Via Giuseppe Verdi 6,5056140873,95039,TRECASTAGNI,CT,CATANIA,"37,6167773","15,0737097"
RAINERI ROSA,"VIA JOHN KENNEDY, 8",6170530825,90030,BOLOGNETTA,PA,PALERMO,"37,9537252","13,4136438"
parafarmacia Dott.ssa Carbonaro Angelica,via Duca D'Aosta n.27,1492800881,97014,ISPICA,RG,RAGUSA,"36,7845472","14,9083707"
Parafarmacia,Corso Vittorio Emanuele 129,1777290899,96017,NOTO,SR,SIRACUSA,"36,8912199","15,069793"
parafarmacia dottoressa giada bua,"via Etnea, 36",5042990878,95030,NICOLOSI,CT,CATANIA,"37,616786","15,0245926"
parafarmacia farma store,via abruzzo 45,3930150820,90013,CASTELBUONO,PA,PALERMO,"37,927774","14,0896241"
bazan renato & figli s.n.c.,viale cannatello 105,2678110848,92100,AGRIGENTO,AG,AGRIGENTO,"37,2617119","13,6237627"
MEDIFARM DI BETTOLINO DANIELE,VIA CAUCANA 48/A,1528170887,97017,SANTA CROCE CAMERINA,RG,RAGUSA,"36,8258425","14,5236535"
Parafarmacia Dr. Livio CHiesa,"via Piave, 35",6188760828,98071,CAPO D'ORLANDO,ME,MESSINA,"38,161526","14,746459"
FARMA LINEA STORE S.R.L.,VIA ERNESTO BASILE 18/20,6188840828,90128,PALERMO,PA,PALERMO,"38,0992911","13,3468269"
PARAFARMACIA DOTT.SSA ARICO',"VIA COMUNALE CAMARO, 76",3243000837,98147,MESSINA,ME,MESSINA,"38,1907018","15,5158479"
farmavet del dott.Maniscalco ANTONINO,VIA FRANK CAPRA,6171720821,90032,BISACQUINO,PA,PALERMO,"37,700573","13,2583412"
parafarmacia M & C pharma s.r.l.,via dei Nebrodi 65 A/B,6199730828,90146,PALERMO,PA,PALERMO,"38,148092","13,3304227"
PARAFARMACIA KALISPERA,"Via GARCIA LORCA, 1",6003800825,90100,PALERMO,PA,PALERMO,"38,1658618","13,3210927"
FARMAFIDA SRL,VIA MARINA 7/A,5033610873,95013,FIUMEFREDDO DI SICILIA,CT,CATANIA,"37,7922563","15,2113603"
Parafarmacia Farma.Gia,"via Nicolò Garzilli,34/b",190080820,90141,PALERMO,PA,PALERMO,"38,1275787","13,3513341"
esercizio farmaceutico pharmanaturae,"via vittorio emanuele,64",1703350833,95022,ACI CATENA,CT,CATANIA,"37,6039739","15,1423013"
PARAFARMACIA UDITORE,VIA TIEPOLO GIOVAN BATTISTA 22/24,5257230820,90145,PALERMO,PA,PALERMO,"38,1354976","13,3232799"
Parafarmacia Dott.ssa Viola Antonietta,Viale Lido di Noto N.6,1777290899,96017,NOTO,SR,SIRACUSA,"36,8824697","15,1064882"
Parafarmacia FG Farm snc,via Francesco Vivona 9,5671880820,90145,PALERMO,PA,PALERMO,"38,1257039","13,3392716"
FARMAPOINT DI Salvatore Scianna,Contrada Piana Romana SN,5639950822,90010,LASCARI,PA,PALERMO,"37,9977026","13,9445265"
Parafarmacia del Borgo,C.da Santa Maria del Focallo - Via dei Venti Sn,1536770884,97014,ISPICA,RG,RAGUSA,"36,788137","14,9101565"
FARMAS SNC,CONTRADA BERBARO SNC,2264570819,91025,MARSALA,TP,TRAPANI,"37,798045","12,4370156"
Farmasan di Pandolfo Fabio,via Filocomo 42,5055340870,95125,CATANIA,CT,CATANIA,"37,5217054","15,0813441"
Farmavita di Chianello Mary,"Corso Calatafimi,975/c",6066650828,90129,PALERMO,PA,PALERMO,"38,111051","13,335745"
SAN FRANCESCO DI VALENTI MARCO E VINCENZO SNC,"VIA CAPITANO CALLEA, 110",2721990840,92026,FAVARA,AG,AGRIGENTO,"37,3177079","13,6625635"
FARMASAN SRL,VIA NOLA 1,2501420844,92024,CANICATTI',AG,AGRIGENTO,"37,358942","13,850364"
Parafarmacia San Leoanrdo,"via Dante Alighieri, 2",141410811,91018,SALEMI,TP,TRAPANI,"37,823142","12,805637"
MADONIE VETERINARIA SRL,"Via NAZIONALE,246",4976530826,90024,GANGI,PA,PALERMO,"37,7959979","14,2036497"
M.D.M di Miccichè Maria Daniela,"VIa j.kennedy , 87",6239930826,90031,BELMONTE MEZZAGNO,PA,PALERMO,"38,04565","13,394647"
Parafarmacia Dott.ssa Merlino Adriana,via Medici n.409,3273310833,98070,SANT'AGATA DI MILITELLO,ME,MESSINA,"38,067859","14,632672"
Parafarmacia della dott.ssa Lara Sanfilippo,via risorgimento 12,6205070821,94100,ENNA,EN,ENNA,"37,5598916","14,2764246"
Salute e Benessere di Russo Daniela,"via Pasquale Almerigo, 3",5104180871,95018,RIPOSTO,CT,CATANIA,"37,730557","15,200888"
VIVISALUTE,Via Balatelle 24/26 presso centro ccomm.le Le Balatelle,4996710879,95030,SANT'AGATA LI BATTIATI,CT,CATANIA,"37,5599391","15,0792654"
PARAFARMACIA  DOTT SCARCELLA ANTONINO,VIA DANTE 118,3151790833,98040,MERI',ME,MESSINA,"38,165865","15,249884"
Parafarmacia Dott.ssa Rosalinda Giudice,Via Caronda 434 - 436,5080790875,95128,CATANIA,CT,CATANIA,"37,5266195","15,0828345"
ST.S. srl,"Corso delle Province, 168",2792510832,95127,CATANIA,CT,CATANIA,"37,5163912","15,0953255"
elgafar 3 srl,via cuba 79,5626090822,90129,PALERMO,PA,PALERMO,"38,1055538","13,3410263"
Parafarmacia Lojacono Raffaele,"Via Garibaldi,293",3273210835,98121,MESSINA,ME,MESSINA,"38,1661574","15,251175"
PARAFARMACIA PICCIOLO MARIA,VICO CALDERà 7/angolo VIA CALDERà 24,407660836,98051,BARCELLONA POZZO DI GOTTO,ME,MESSINA,"38,147565","15,210484"
ParaFarmacia Cassaniti D.ssa Giuseppina,"via Bartolo D'Agostino, 44",5275640828,96014,FLORIDIA,SR,SIRACUSA,"37,086946","15,151894"
Parafarmacia San Filippo di Fichera Giuseppa,"Piano San Filippo, 17",5129510870,95022,ACI CATENA,CT,CATANIA,"37,5879616","15,1411717"
BioCelia,Via M. R. Imbriani 181/D,4928540873,95128,CATANIA,CT,CATANIA,"37,5028972","15,0870338"
PARAFARMACIA DEL CORSO S.R.L.,Via VITTORIO EMANUELE 3,3275620833,98034,FRANCAVILLA DI SICILIA,ME,MESSINA,"37,90186","15,137485"
Parafarmacia Dott.ssa Scarpulla Manuela,Via Turati 110,1918640853,93100,CALTANISSETTA,CL,CALTANISSETTA,"37,1487117","14,3916798"
FARMASALUS,via Sipione 144,1797370895,96019,ROSOLINI,SR,SIRACUSA,"36,8220006","14,9458121"
Parafarmacia Paradiso del Dr. Luigi Felici,Via Consolare Pompea n°17,3260820836,98168,MESSINA,ME,MESSINA,"38,1937571","15,5542082"
Vivisalute leoni,Via Pietratagliata n. 19-29,5636350877,90135,PALERMO,PA,PALERMO,"38,111051","13,335745"
PARAFARMACIA OLISTICA,"Corso CORSO CALATAFIMI, 613",5249610824,90129,PALERMO,PA,PALERMO,"38,1032202","13,3307307"
EUROFARMACONSRL,"Via Alcide De Gasperi, 84/86",6232770823,90146,PALERMO,PA,PALERMO,"38,1507364","13,3368405"
SIDEREUS S.R.L.,VIA TESTAFERRATA 10/12,1803210895,96100,SIRACUSA,SR,SIRACUSA,"37,0714375","15,283007"
PHARMASAN DI ANTONELLA MESSINA,"VIA GRAMSCI, 49",1810060895,96013,CARLENTINI,SR,SIRACUSA,"37,269548","15,012589"
Farmacg,Via F.Petrarca 77,5136890877,95047,PATERNO',CT,CATANIA,"37,570952","14,902683"
PARAFARMACIA DOTT.SSA COSTA MARIA CHIARA,VIA NAZARIO SAURO 5/A,4915030870,95021,ACI CASTELLO,CT,CATANIA,"37,5542111","15,14856"
Parafarmacia Saraniti,via vittorio veneto 59,3283890832,95036,RANDAZZO,CT,CATANIA,"37,876058","14,949681"
Farmacity s.r.l.,"Via Malta, 57/59",1923320855,93100,CALTANISSETTA,CL,CALTANISSETTA,"37,4922534","14,0449314"
PARAFARMACIA LA ROSA MARIAGRAZIA,VIA CARLO ALBERTO DALLA CHIESA N.41,5144550877,95036,RANDAZZO,CT,CATANIA,"37,876058","14,949681"
Parafarmacia Dott. Francesco Grasso,Via Marchesana 50,5132020875,95025,ACI SANT'ANTONIO,CT,CATANIA,"37,5996057","15,131306"
Parafarmacia Vulcania,"Via Fimia, 44-46",5152210877,95128,CATANIA,CT,CATANIA,"37,5248549","15,0833299"
PARAFARMACIA LA MANNO,Contrada BASSETTO,6298290823,90040,SAN CIPIRELLO,PA,PALERMO,"37,962147","13,176143"
Parafarmacia Dott.ssa Minnuto,"Via Garibaldi, 122",6302470825,90029,VALLEDOLMO,PA,PALERMO,"37,747448","13,827859"
PARAFARMACIA IGEA,"Corso BUTERA, 161",5965610826,90011,BAGHERIA,PA,PALERMO,"38,0795715","13,5069188"
Parafarmacia,"Via Francesco Crispi, 5-7",6788000823,90021,ALIA,PA,PALERMO,"37,779948","13,713856"
Parafarmacia D.ssa Antonella Amato,"Via Borgo Italia, 41",8266770968,91017,PANTELLERIA,TP,TRAPANI,"36,831148","11,9410004"
Parafarmacia Pharmakon della Dott.ssa Giovanna Russo,"Via Vittorio Emanuele II, 211",4619920871,95024,ACIREALE,CT,CATANIA,"37,6130513","15,1653154"
parafaramcia delle cliniche,"Via liborio giuffrè, 16",6253740820,90127,PALERMO,PA,PALERMO,"38,1067747","13,3600008"
PArafarmacia Dr. Zichichi Ugo,"Via Guglielmo Marconi, 499",2284390818,91100,ERICE,TP,TRAPANI,"38,0374278","12,5869952"
Parafarmacia San Luca del dott. Armando Anzalone,"Viale Stefano Candura, 18/M",1931600850,93100,CALTANISSETTA,CL,CALTANISSETTA,"37,4781269","14,0531683"
Parafarmacia Cefalù dott.ri Leanza e Longo,"Via Gramsci, 25",6317320825,90015,CEFALU',PA,PALERMO,"38,0362171","14,0240015"
parafarmacia,"Stradaprovinciale vittoria-cannamellito-pantaleo, 5",1324350881,97013,COMISO,RG,RAGUSA,"36,9507336","14,6074553"
conad superstore,"Stradastatale 115, km 74S100",2657430845,91022,CASTELVETRANO,TP,TRAPANI,"37,682639","12,791639"
FarmaSampieri,"Via Giotto, S.N.C.",1049760885,97018,SCICLI,RG,RAGUSA,"36,7920107","14,7042997"
Parafarmacia Dott.ssa Silvana Cammilleri,"Piazza Umberto I, 6",1755550850,93012,GELA,CL,CALTANISSETTA,"37,0664363","14,2502445"
CONAD PARAFARMACIA,"Contrada dommartino, snc",6648870829,90042,BORGETTO,PA,PALERMO,"38,047048","13,143542"
NUOVAFARMACIA del dr. ALBERTO MORSELLO,"Via Trapani, 19",1844380814,91025,MARSALA,TP,TRAPANI,"37,80516045","12,4474176"
Parafarmacia dott.ssa Simona Valenza,"Via Amico Valenti, 38",1892080852,93100,CALTANISSETTA,CL,CALTANISSETTA,"37,4898289","14,0632916"
Parafarmacia del Dott. Ciraldo Emanuele,"Viale Della Regione, 4/H",5196310873,95034,BRONTE,CT,CATANIA,"37,789456","14,83418"
Robilotta Barbara,"Via Cosenz, 65",1891080762,98076,SANT'AGATA DI MILITELLO,ME,MESSINA,"38,067859","14,632672"
PAGANOFARMA SRL,"Via PASSO GRAVINA, 81/D",5345520877,95100,CATANIA,CT,CATANIA,"37,5358078","15,0738838"
NATURALIA DI ZANGARA MARIANGELA,"Via GABRIELE D'ANNUNZIO, 128",4487100879,95127,CATANIA,CT,CATANIA,"37,5176688","15,0940661"
Parafarmacia Ibla,"Largo camerina, 19",1576910887,97100,RAGUSA,RG,RAGUSA,"36,9270579","14,7438725"
Parafarmacia Dr. Messina,"Via Roma, 183",1577910886,97100,RAGUSA,RG,RAGUSA,"36,9263182","14,7284995"
superstore libica,"Via libica, lotto 45",5648730827,91100,TRAPANI,TP,TRAPANI,"38,0160543","12,5437475"
Parafarmacia Veterinaria di Lo Presti Riccardo,"Via del santuario, 16",5108480871,95036,RANDAZZO,CT,CATANIA,"37,876058","14,949681"
PARAFARMACIA SAN PIO,"Via NAZIONALE, 2",2021380858,93010,VALLELUNGA PRATAMENO,CL,CALTANISSETTA,"37,682047","13,83156"
Parafarmacia Lo Iacono,"Via Benedetto Caputo, 71",3420310835,98070,TORRENOVA,ME,MESSINA,"38,09376","14,679973"
RAO FARMACEUTICI SRL,"Viale RAFFAELLO SANZIO, 24",6349600822,95128,CATANIA,CT,CATANIA,"37,5220986","15,0914634"
Farmanatura s.a.s.,"Corso Umberto I, 158",1092450889,97015,MODICA,RG,RAGUSA,"36,8589123","14,7613206"
EASYPHARMA DI R.DELIA,"Via NAZIONALE, 223",3208060834,98070,CAPRI LEONE,ME,MESSINA,"38,1041742","14,7021385"
BIELLE SUPERMERCATI S.R.L.,Contrada TRIGLIA SCALETTA,2567200817,91020,PETROSINO,TP,TRAPANI,"37,7114955","12,4899602"
BIELLE SUPERMERCATI S.R.L.,Contrada TRIGLIA SCALETTA,2567200817,91020,PETROSINO,TP,TRAPANI,"37,7114955","12,4899602"
VI.DA.SRL,Via Tica,1746350899,96100,SIRACUSA,SR,SIRACUSA,"37,0835005","15,2858115"
Parafarmacia Dott.Antonio Pirrera,"Contrada marcellino, sn",1550890899,96013,CARLENTINI,SR,SIRACUSA,"37,2760087","15,0148603"
Parafarmacia PoseidonIn,"Contrada ciachea, snc",6375060826,90044,CARINI,PA,PALERMO,"38,131172","13,1818847"
BioShop,"Via Milano, 94/B",5259060878,95127,CATANIA,CT,CATANIA,"37,5172033","15,0952801"
PARAFARMACIA DOTT. DI MARI ANTONINO,"Via FEDERICO DI SVEVIA, 28",1589680899,96016,LENTINI,SR,SIRACUSA,"37,285448","14,999589"
st.s. s.r.l.,"Via vincenzo giuffrida, 184",2792510832,95127,CATANIA,CT,CATANIA,"37,524912","15,091126"
PARAFARMACIA DOTT. EMMANUELLO CROCIFISSO,"Via RECANATI, 229",1953740857,93012,GELA,CL,CALTANISSETTA,"37,074692","14,24225"
Parafarmacia Dr Giancarlo Rizza,"Piazza mons Francesco Pennisi, 2",1586110882,97100,RAGUSA,RG,RAGUSA,"36,927237","14,712802"
PARAFARMACIA DI PORTELLI CARMELO,"Via COLOMBO, 37",1593110883,97018,SCICLI,RG,RAGUSA,"36,783491","14,905127"
centro guadagna,"Via villagrazia, 77",3959610829,90125,PALERMO,PA,PALERMO,"38,0862499","13,3467499"
PHARMANATURAL,"Viale SANTA PANAGIA, 18",1788230892,96100,SIRACUSA,SR,SIRACUSA,"37,0837773","15,2800669"
D'ANNA FRANCESCA,"Via CRISTOFORO COLOMBO, 09",6401590820,90019,TRABIA,PA,PALERMO,"38,006451","13,633552"
Amica Natura,"Via Umberto I, 143",3280560834,98027,ROCCALUMERA,ME,MESSINA,"37,9753902","15,394829"
parafarmacia dott.ssa Fotia Laura,"Viale della Resistenza, 35",1052220884,97013,COMISO,RG,RAGUSA,"36,9500701","14,6064416"
PARAFARMACIA BIANCAVILLA,Contrada CIANCIANELLA,5368500871,95033,BIANCAVILLA,CT,CATANIA,"37,6463083","14,8616616"
Vivisalute C. Sicilia,"Contrada Cubba - Tenutella, sn",5548290872,95045,MISTERBIANCO,CT,CATANIA,"37,5191722","15,0079363"
Parafarmacia Sant'Andrea,"Via SAN GAETANO, 72",1786130854,93017,SAN CATALDO,CL,CALTANISSETTA,"37,488445","13,993065"
Futur Pharma Srl s,"Via Leonardo Da Vinci, 77",5296670879,95024,ACIREALE,CT,CATANIA,"37,6127773","15,1658804"
SICIL PHARMA S.R.L.,"Viaaccorciatoia VITTORIO EMANUELE III, 46/48",5355200873,95032,BELPASSO,CT,CATANIA,"37,570952","14,902683"
NUOVA PARAFARMACIA DELLA D.SSA SETTENERI MARIA,"Via NUOVA DEL CONVENTO, 65",5298070870,95017,PIEDIMONTE ETNEO,CT,CATANIA,"37,8068461","15,1790849"
Parafarmacia - Dott. G. Aquila -,"Via pozzallo, 79",1587630888,97010,RAGUSA,RG,RAGUSA,"36,7855066","14,5555647"
PARAFARMACIA,Via ERNESTO VASSALLO,1960820858,93100,CALTANISSETTA,CL,CALTANISSETTA,"37,4799356","14,0560181"
PARAFARMACIA IGEA DI MONCADA ANGELA E MORELLO MARICA SNC,Via GIAN MARIA VOLONTE',1961130851,93012,GELA,CL,CALTANISSETTA,"37,0664363","14,2502445"
ADELPHI SNC DI STEFANIA E MARIA CHIARA REQUIREZ,"Contrada BOSCO, 465",2595120813,91025,MARSALA,TP,TRAPANI,"37,8487085","12,5024395"
Parafarmacia Dott.ssa Josephine Scandura,"Viale Europa, 2B",5279370877,95041,CALTAGIRONE,CT,CATANIA,"37,216993","14,5190595"
parafarmacia scopelliti nunzia,"Via nazionale mili marina, 217/219",3383120833,98131,MESSINA,ME,MESSINA,"38,097988","15,5042717"
BENESSERE E SALUTE S.r.L. S.,"Via Via Massimo D'Azeglio, 62",5308120871,95014,GIARRE,CT,CATANIA,"37,7244887","15,1887049"
Pollina Anna,"Via XX SETTEMBRE ANGOLO VIA CARACCI, 68",2405980810,91022,CASTELVETRANO,TP,TRAPANI,"37,683399","12,7861345"
Parafarmacia Ruggero Settimo,"Via Generale Magliocco, 54/56",6614150826,90141,PALERMO,PA,PALERMO,"38,1212224","13,3558605"
HobbyZoo,"Viale Vittorio Veneto, 271",784230872,95127,CATANIA,CT,CATANIA,"37,525174","15,0956854"
PARAFARMACIA LA MALFA GIUSI,"Via TENENTE MINNITI, 90",3335640839,98057,MILAZZO,ME,MESSINA,"38,2156255","15,2364932"
Parafarmacia Galimberti,"Via Duccio Galimberti, 21",5324150878,95045,MISTERBIANCO,CT,CATANIA,"37,520381","15,0046367"
GIUSEPPINA INSALACO PARAFARMACIE DOT,"Viale dell Vittoria, 14-16",2812740849,92024,CANICATTI',AG,AGRIGENTO,"37,3585482","13,8508625"
Parafarmacia,"Via del mare ang.via I maggio, 74",3385950831,98050,TERME VIGLIATORE,ME,MESSINA,"38,1358656","15,1633873"
Parafarmacia Dott. Germano Pierpaolo,"Via Albert Einstein, 25/A",1577560897,97013,COMISO,RG,RAGUSA,"36,9525615","14,6040733"
Vass.Azzar.Sas di Vassallo Massimiliano & C.,"Via Carlo Pisacane, 6/a-b",6487430826,90127,PALERMO,PA,PALERMO,"38,1094282","13,3639879"
BABYSAN DELLA DOTT.SSA GRUTTADAURIA GLORIA,Via FRATELLI ROSSELLI,2821390842,92023,CAMPOBELLO DI LICATA,AG,AGRIGENTO,"37,2588435","13,917697"
parafarmacia dott.ssa Marchesini srl,"Corso cavour, 62",2886810833,98122,MESSINA,ME,MESSINA,"38,1909459","15,5526293"
Parafarmacia San'Antonio,"Via Umberto, 62",1885790897,95035,MALETTO,CT,CATANIA,"37,8286922","14,8660035"
PARAFARMACIA SANTA ROSALIA DEL DOTT. CAVALLARO FRANCESCO &amp; C. S.N.C.,"Via Stefano Bilardello, 11",6438060821,90128,PALERMO,PA,PALERMO,"38,09622","13,34902"
parafarmaciacrapiosrl,"Via Venezia, 1",3405180831,98035,GIARDINI-NAXOS,ME,MESSINA,"37,8203872","15,2514288"
parafarmacia,"Piazza duca di camastra, 4",5356320878,95100,CATANIA,CT,CATANIA,"37,5338009","15,020732"
SICIL PHARMA S.R.L.,"Via FIUME, 127",5355200873,95032,BELPASSO,CT,CATANIA,"37,595968","14,980322"
ANCONA E MAIORANA SNC,"Via VITO SICOMO, 1",552210817,92010,LAMPEDUSA E LINOSA,AG,AGRIGENTO,"35,5074087","12,6043996"
Punto Salute,"Via zecchino c/o marispica, snc",1624060883,97014,ISPICA,RG,RAGUSA,"36,788137","14,9101565"
Muscolino Vincenza,"Via Umberto I, 681",3407050834,98027,ROCCALUMERA,ME,MESSINA,"37,9816906","15,4000101"
PARAFARMAVET S.R.L.S.,"Via PRINCIPE DI PALAGONIA, 12",6502820829,90145,PALERMO,PA,PALERMO,"38,1339655","13,3364158"
PARAFARMACIA CASTELFORTE,"Via CASTELFORTE, 101",6804080825,90146,PALERMO,PA,PALERMO,"38,179393","13,3251881"
PARAFARMACIA DOTT.SSA R. DI DIDIO,"Via DANTE, 326-328",6457730825,90141,PALERMO,PA,PALERMO,"38,1217459","13,3425297"
Parafarmacia del Tindari soc.coop.,"Via nazionale, 213",3354920831,98060,FALCONE,ME,MESSINA,"38,117049","15,0797443"
PHYTOSOPHYA,"Viale EUROPA, 207",3242120834,98124,MESSINA,ME,MESSINA,"38,1832798","15,5425061"
FARMANOVA DOTT. SAVARINO GIUSEPPE,"Via NAZIONALE, 202",1485130882,97015,MODICA,RG,RAGUSA,"36,855282","14,761455"
PARAFARMACIA DOTT.SSA CABIBBO ANTONELLA,"Via Mariannina Schininà, 179-181",1626270886,97100,RAGUSA,RG,RAGUSA,"36,925989","14,721803"
Omnifarma srl,"Via Luigi Orlando, 148/150",5030930878,95014,GIARRE,CT,CATANIA,"37,721046","15,1777518"
Il Melograno di Maria Neri,"Via Vittorio Emanuele, 110",5374550878,95033,BIANCAVILLA,CT,CATANIA,"37,6409237","14,8712191"
PARAFARMACIA ACI TREZZA SRL SEMPLIFICATA,"Via PROVINCIALE, 72",5381540870,95021,ACI CASTELLO,CT,CATANIA,"37,561111","15,159768"
rosario santoro,"Via Guglielmo Marconi, 105",3293100875,95030,PEDARA,CT,CATANIA,"37,617889","15,0643828"
FARMA ZOO SERVICE PARAFARMACIA VETERINARIA,"Via FRANCESCO PAOLO DI BLASI, 18",6439220820,90144,PALERMO,PA,PALERMO,"38,13935","13,34402"
Parafarmacia Ai Portici,"Corso Italia, 310/312",5609410872,95129,CATANIA,CT,CATANIA,"37,5164563","15,1048788"
PARAPHARMACIE SRL,"Viale IONIO, 112",1215210079,95129,CATANIA,CT,CATANIA,"37,5141839","15,1020924"
PARAFARMACIA DOTT.SSA PAGANO ANTONINA,"Via FRANCESCO RISO, 58",2700880871,95128,CATANIA,CT,CATANIA,"37,515069","15,090235"
KARMA PARAFARMACIA,"Via Della Provincia, 5",1219110861,94100,ENNA,EN,ENNA,"37,565467","14,268732"
PARAFARMACIA CANTO,"Via VITTORIO VENETO, 24",1634820888,97014,ISPICA,RG,RAGUSA,"36,786945","14,908829"
FARMAMED DI CARLO DI FEDE,"Via GIUSEPPE ALESSI, 16/D",6539670825,90143,PALERMO,PA,PALERMO,"38,140079","13,349506"
Hobbyzoo,"Via Messina, 623/627",5474350872,95126,CATANIA,CT,CATANIA,"37,5343727","15,1152449"
Igeapharm,"Via Gaspare Palermo, 61",6532104826,90127,PALERMO,PA,PALERMO,"38,1053488","13,3636207"
PARAFARMACIA LE SOURIRE,"Viale IONIO, 112",5164130873,95129,CATANIA,CT,CATANIA,"37,5141839","15,1020924"
SaluteInFarma di Cicchetti Claudio,"Via Gianforma Ponte Margione, 12 bis/ 3 e 4",1598550885,97015,MODICA,RG,RAGUSA,"36,8588214","14,7608121"
Parafarmacia Dell'Immacolata,"Via Umberto, 183",4747780874,95027,SAN GREGORIO DI CATANIA,CT,CATANIA,"37,5700497","15,1145008"
MOSCATO EUGENIA,"Via ARMANDO DIAZ, 2",4497970873,95046,PALAGONIA,CT,CATANIA,"37,3330786","14,7416668"
PARAFARMACIA ETNEA DI LUCCA VERONICA,"Via ETNEA, 684",5395250870,95128,CATANIA,CT,CATANIA,"37,522204","15,0827891"
PARAFARMACIA NAZIONALE Della Dott.ssa Francesca Parrino,"Via P. Vincenzo Tirendi, 2A",5434980875,95016,MASCALI,CT,CATANIA,"37,7485154","15,192988"
PARAFARMACIA SANTA BARBARA,"Piazza SANTA BARBARA, 5",5437410870,95030,RAGALNA,CT,CATANIA,"37,6303404","14,9392288"
PARAFARMACIA DR.PIETRO FERRANTELLI,"Via FALCONE E BORSELLINO, 26",5554650829,90035,MARINEO,PA,PALERMO,"37,95174415","13,41631076"
Officina del benessere s.r.l.,"Via Luigi Monaco, 12",1749090856,93100,CALTANISSETTA,CL,CALTANISSETTA,"41,9027835","12,4963655"
Natura & Bio di Tambato Antonio,"Via libertà, 37",2024130839,98042,PACE DEL MELA,ME,MESSINA,"38,201103","15,315945"
FARMEDI S.R.L.,"Corso SAVOIA, 28",4905510873,95024,ACIREALE,CT,CATANIA,"37,6143924","15,1654389"
PARAFARMACIA DEL CENTRO,"Piazza MATTEOTTI, 7",3459150839,98071,CAPO D'ORLANDO,ME,MESSINA,"38,161591","14,745702"
PARAFARMACIA SCOLARO GIUSEPPE,"Via CENTONZE, 159",3459810838,98123,MESSINA,ME,MESSINA,"38,1843396","15,5521145"
parafarmaciaisola srls,"Via lido sacramento, 214",1915560898,96100,SIRACUSA,SR,SIRACUSA,"37,0343734","15,2794176"
PARAFARMACIA 21 APRILE,"Via VICENZA, 67",5905880877,95127,CATANIA,CT,CATANIA,"37,5197925","15,0963258"
SOPHYCHRI SRLS,"Via XX SETTEMBRE ANGOLO VIA CARACCI, 1",2644860815,91022,CASTELVETRANO,TP,TRAPANI,"41,9027835","12,4963655"
PARAFARMACIA FARMA BENESSERE DEL DOTT. SERGIO PARRINO,"Via NAZIONALE, 79",6598580824,90045,CINISI,PA,PALERMO,"38,16402623","13,10511047"
covital s.r.l.s,"Via a.manzoni, 63",5466440871,95041,CALTAGIRONE,CT,CATANIA,"37,222793","14,523348"
PARAFARMACIA FICHERA,"Via Casarsa, 42/B",3467680835,98035,GIARDINI-NAXOS,ME,MESSINA,"37,8269069","15,2676652"
PARAFARMACIA FICHERA,"Via Jannuzzo, 37/B",3569750833,98035,GIARDINI-NAXOS,ME,MESSINA,"37,8177577","15,2664303"
PARAFARMACIA NUTRIPARAVET DELL DOTT. GIULIO SCIOTTO,"Viale DELLA REGIONE, 47",5468510879,95029,VIAGRANDE,CT,CATANIA,"37,6083531","15,0960303"
PARAFARMACIA SAN PIO,"Via G. D'ANNUNZIO, 48",1243720867,94015,PIAZZA ARMERINA,EN,ENNA,"37,392702","14,372145"
parafarmacia villaggio marispica,"Via zecchino, snc",1324350881,97014,ISPICA,RG,RAGUSA,"36,7114072","14,95193124"
FARMA SERVIZI,"Viale ZECCHINO, 80",1925770891,96100,SIRACUSA,SR,SIRACUSA,"37,086021","15,2849734"
IGEAPHARM,"Via GASPARE PALERMO, 61",6532140826,90127,PALERMO,PA,PALERMO,"38,105342","13,3636055"
parafarmacia viola,Stradastatale ss 113,3905220822,90045,CINISI,PA,PALERMO,"38,16148048","13,10344851"
La Tua Parafarmacia di Ylenia Maria Amordeluso,"Via Umberto I, 162",3587140835,98035,GIARDINI-NAXOS,ME,MESSINA,"37,8402138","15,2765877"
parafarmacia sparacino francesca,"Via iditella, snc",3470640834,98050,LIPARI,ME,MESSINA,"38,63319971","15,0763733"
PARAFARMACIA RABBONE S.R.L.S.,"Via Aluntina, 22-24",3420310835,98070,SAN MARCO D'ALUNZIO,ME,MESSINA,"38,072505","14,698969"
parafarmaciaviola,"Stradastatale ss113, s.n.c.",3905220822,90045,CINISI,PA,PALERMO,"38,16188506","13,10269833"
EGITTO FRANCESCO,"Via PRINCIPE UMBERTO, IS.230 49/A",3448420830,98122,MESSINA,ME,MESSINA,"38,194468","15,5462132"
PARAFARMACIA,"Corso PALERMO TONNARELLA, 144",1827060839,98054,FURNARI,ME,MESSINA,"38,1260084","15,1154285"
parafarmacia salmeri marina,"Via duca degli abruzzi, 54/a",5083490879,95126,CATANIA,CT,CATANIA,"37,5225347","15,1013006"
Parafarmacia BeZone Srl - Società Benefit,"Via Crispi, 227/229",5954210877,95131,CATANIA,CT,CATANIA,"37,5125551","15,0938395"
conad superstore,"Viale giostra, snc",5648730827,98121,MESSINA,ME,MESSINA,"38,2071996","15,5585089"
farmaservice parafarmacia veterinaria,"Via la malfa, 10",6608240823,90146,PALERMO,PA,PALERMO,"38,15660199","13,31844717"
farmaservice parafarmacia veterinaria,"Via Francesco Paolo Di Blasi, 18",6608240823,90144,PALERMO,PA,PALERMO,"38,139875","13,34510028"
CENTRO PICASSO,"Via DE GASPERI, 257",3959610829,90039,VILLABATE,PA,PALERMO,"38,0838114","13,4496527"
2C Pharma sas di Contartese Giuseppe & c,"Via salvatore cattafi, 31",3174590830,98058,BARCELLONA POZZO DI GOTTO,ME,MESSINA,"38,149623","15,221288"
POLIGIULIA SOCIETA'COOPERATIVA,"Via empedocle restivo, 80",6586350826,90100,PALERMO,PA,PALERMO,"38,1449629","13,3352094"
Parafarmacia Natura & Benessere,"Via Vittorio Veneto, 22",3469050839,98071,CAPO D'ORLANDO,ME,MESSINA,"38,162829","14,7469766"
FARMA.TECH SRL,"Via Pablo Picasso, 12",1636350884,97015,MODICA,RG,RAGUSA,"36,8322111","14,7664594"
PARAFARMACIA D'ANNUNZIO,"Largo PASCOLI, 3-4-5",5609410872,95128,CATANIA,CT,CATANIA,"37,5176792","15,0908029"
parafarmacia trieste,"Via trieste, 33",5510390874,95127,CATANIA,CT,CATANIA,"37,5174968","15,1009151"
Parafarmacia Federico II della Dott.ssa Spasari Maria Stella,"Viale Epicarmo Corbino, 41",1335870893,96011,AUGUSTA,SR,SIRACUSA,"37,257412","15,227042"
FARMACAPP DEL DOTT CAPPELLANI ALDO,"Via SIRACUSA, 72",1952590899,96012,AVOLA,SR,SIRACUSA,"36,9130665","15,1413517"
BENESSERE NATURA PARAFARMACIA,"Via C. COLOMBO, 54/56",3505670830,98066,PATTI,ME,MESSINA,"38,1517094","14,9700696"
PARAFARMACIA PIU' SALUTE,"Corso ITALIA, 131",5541410873,95024,ACIREALE,CT,CATANIA,"37,619202","15,15975"
PARAFARMACIA DEL CORSO DI G&S S.R.L.,"Corso UMBERTO, 244",1270960865,94013,LEONFORTE,EN,ENNA,"37,639286","14,392333"
lunifarma,"Via M.R.Imbriani, 221",5533000872,95128,CATANIA,CT,CATANIA,"37,5202077","15,0881808"
NANUK SRL,"Via UMBERTO, 217",5543230873,95129,CATANIA,CT,CATANIA,"37,512421","15,094449"
PARAFARMACIA LIOTTA S.N.C. D.SSE CLELIA E LIDIA LO BALBO,"Via Generale Di Giorgio, 56",2135620835,98070,ACQUEDOLCI,ME,MESSINA,"38,0573231","14,5902612"
parafarmacia recanati,"Via jannuzzo, 37",3516030834,98035,GIARDINI-NAXOS,ME,MESSINA,"37,8177714","15,2664407"
Parafarmacia Tavormina,Lungomare Giacomo Hopps,2693960813,91026,MAZARA DEL VALLO,TP,TRAPANI,"37,6478305","12,5953995"
PARAFARMACIA MAYMONE DI ANGELO GIOVANNI LEONE & C S.N.C.,"Viale LAZIO, 60/C-62-62/A",6741410820,90144,PALERMO,PA,PALERMO,"38,1411591","13,3356723"
PARAFARMACIA FARMAFAMILY,Contrada MARCELLINO C\O LA VELA,1874730896,96013,CARLENTINI,SR,SIRACUSA,"41,9027835","12,4963655"
farmachl di Vittini Mariaconcetta,"Via Giovanni Pascoli, 70b",1878130895,96018,PACHINO,SR,SIRACUSA,"36,71447","15,080828"
PARAFARMACIA GUAGLIARDO SAS,"Via Lungarini, 16/18",6256920825,90014,CASTELDACCIA,PA,PALERMO,"38,054288","13,530653"
Mondo di alice,"Via siculo orientale, 125",4567830874,95016,MASCALI,CT,CATANIA,"37,7544839","15,1952135"
parafarmacia Malica,Contrada Malpertuso c7oCentro commerciale LA FILANDA,3515810830,98061,BROLO,ME,MESSINA,"38,155825","14,8187871"
parafarmacia alcantara,"Piazza vittorio emanuele, 4",3516030834,98030,GAGGI,ME,MESSINA,"37,8601276","15,2216843"
Parafarmacia Naxion,"Via casarsa, 42",3516030834,98035,GIARDINI-NAXOS,ME,MESSINA,"37,8269069","15,2676652"
parafarmacia laurus,"Via san silvestro, 1",1257480861,94018,TROINA,EN,ENNA,"37,78585655","14,5951772"
PARAFARMACIA SALUTE E BENESSERE,"Largo TRINACRIA, 4/5",6003800825,90144,PALERMO,PA,PALERMO,"38,1467516","13,3383057"
GIA.SVE.SRL,"Via ALDEBARAN, 22",5580600871,95127,CATANIA,CT,CATANIA,"37,521737","15,1106168"
Parafarmacia Dott.ssa Miriam Cristofaro,"Corso Vittorio Emanuele, 81",4758100871,95042,GRAMMICHELE,CT,CATANIA,"37,2114846","14,6393072"
la terra pirrè rosa,"Via roma, 354",1130000886,97019,VITTORIA,RG,RAGUSA,"36,9476783","14,5273517"
PARAFARMACIA LUCCHESI ELENA,"Via REGINA MARGHERITA, 129",2936660832,98028,SANTA TERESA DI RIVA,ME,MESSINA,"37,9469364","15,3688548"
ESSENTIAL,"Riva Garibaldi, 10",1940940891,96100,SIRACUSA,SR,SIRACUSA,"37,0635408","15,2906559"
PARAFARMACIA BAARIA S.R.L.,"Via AMERIGO VESPUCCI, 13-15",6699080823,90011,BAGHERIA,PA,PALERMO,"38,0800241","13,5134535"
PARAFARMACIA DI SAN GIUSEPPE,"Via PRINCIPE DI PIEMONTE, 29",5753040871,95048,SCORDIA,CT,CATANIA,"37,295836","14,8440359"
parafarmacia schisò,"Via zara, 15",3537260832,98035,GIARDINI-NAXOS,ME,MESSINA,"37,8257134","15,2678337"
BL VET,"Via TERRASANTA, 20-22",6730090823,90141,PALERMO,PA,PALERMO,0,0
FARMISSIMA WELLNESS,"Via PRIMO SETTEMBRE, 116",3527270833,98122,MESSINA,ME,MESSINA,0,0
FARMALANDA S.R.L.,"Via Vincenzo Generale Streva, 4",6732100828,90143,PALERMO,PA,PALERMO,-,-
parafarmacia dott.ssa Barbera,"Via via giallonghi, 9",2449420815,91022,CASTELVETRANO,TP,TRAPANI,0,0
Parafarmacia del benessere del dottor Diego Sgroj,"Via UMBERTO I, 427",3538050836,98026,NIZZA DI SICILIA,ME,MESSINA,-,-
PARAFARMACIA DOTT.SSA MELANIA DI PIAZZA,"Via VENEZIA, 39",2645580842,92022,CAMMARATA,AG,AGRIGENTO,-,-
ZOO SERVICE SRL parafarmacia veterinaria,"Via castelvetrano, 30",6439220820,91026,MAZARA DEL VALLO,TP,TRAPANI,-,-
Biberon,"Via Elorina, 55",1788160891,96100,SIRACUSA,SR,SIRACUSA,-,-
PARAFARMACIA CITRUS,"Via CITRUS, 14-16",1847120894,96011,AUGUSTA,SR,SIRACUSA,"37,243194","15,22052"
Parafarmacia Recanati,"Via jannuzzo, 37",3537260832,98035,GIARDINI-NAXOS,ME,MESSINA,"37,8177577","15,2664303"
PARAFARMACIA MODERNA,"Viale Mario Milazzo, 116",5065820879,95041,CALTAGIRONE,CT,CATANIA,"37,2233767","14,5235588"
Virz Antonella,"Via xx settembre, 15",6765060824,90141,PALERMO,PA,PALERMO,"38,1253659","13,3536346"
PARAFARMACIA ESSENTIAL,"Via NECROPOLI DEL FUSCO, SN",1983610898,96100,SIRACUSA,SR,SIRACUSA,"37,0708885","15,2661706"
ORTOPEDIA PARAFARMACIA CASSARO ANTONELLA,"Via GIUSEPPINA TURRISI COLONNA, 86/88",6030030826,90141,PALERMO,PA,PALERMO,"38,1251581","13,3466771"
ZOO SERVICE parafarmacia veterinaria,"Via delle magnolie, 22",6439220820,91011,ALCAMO,TP,TRAPANI,-,-
Bellezza in Salute S.r.l.s.,"Via Della Regione, 56",5165990879,95037,SAN GIOVANNI LA PUNTA,CT,CATANIA,"37,5730862","15,08709813"
officine ortopediche policlinico srl,"Via Via Papa Sergio I, 60",4998450821,90142,PALERMO,PA,PALERMO,"38,1524694","13,3705385"
PARAFARMACIA DOTTORESSA TIZIANA TERRANOVA,"Via UMBERTO GIORDANO, 240",6631870828,90144,PALERMO,PA,PALERMO,"38,137864","13,3379792"
Parafarmacia FarmaQualità,"Via Consolare Antica, 595",3383830837,98071,CAPO D'ORLANDO,ME,MESSINA,"38,136654","14,7288746"
PARAFARMACIA VALLE,"Via VITTORIO EMANUELE, 81",6834690825,90030,VILLAFRATI,PA,PALERMO,"37,9055978","13,4831714"
Parafarmacia Dott. Antonino Miranda,"Via Cavour, 61",1947550891,96012,AVOLA,SR,SIRACUSA,"36,91003429","15,13374933"
Parafarmacia natura e bellezza di Blangy Alexandra Moreno,"Via Gaspare palermo, 61",6781580821,90127,PALERMO,PA,PALERMO,"38,1054249","13,3635529"
parafarmacia rosselli,"Via diaz, 44/46",6768680826,90020,VICARI,PA,PALERMO,"37,8261716","13,5705866"
Parafarmacia Bellezza in Salute,"Viale Vittorio Veneto, 190",5165990879,95127,CATANIA,CT,CATANIA,"37,52623757","15,0958029"
l'angolo della salute parafarmacia-erboristeria,"Via Via Roma, 134",5673570874,95015,LINGUAGLOSSA,CT,CATANIA,"37,8417378","15,1428023"
Parafarmacia C & D S.r.l.,"Via Mons. Carabelli, 14",1578230896,96100,SIRACUSA,SR,SIRACUSA,"37,0701296","15,2845408"
CENTRO ORTOPEDICO SANITARIO FERRO E C. SAS,"Via PAOLINO GESUGRANDE, 1",3974900825,90041,BALESTRATE,PA,PALERMO,"38,0510799","13,0069544"
AMARI FARMA S.R.L.S.,"Via IV APRILE, 23-25",2662320817,91021,CAMPOBELLO DI MAZARA,TP,TRAPANI,"37,6325913","12,7500058"
farmavet,Via caduti di nassirya,6439220820,91022,CASTELVETRANO,TP,TRAPANI,"37,6661963","12,8139293"
PARAFARMACIA SICURELLO DEL DOTT. SICURELLO SALVATORE,"Via Porta Agrigento, 110",2950710844,92015,RAFFADALI,AG,AGRIGENTO,"37,39892839","13,53240719"
FARMAMOTYCA PARAFARMACIA DELLA DR.SSA ELISA SALINA,"Via Fosso Tantillo, 35",1717080889,97015,MODICA,RG,RAGUSA,"36,835775","14,7620339"
Emporio della Salute,"Via XXI Ottobre, 629",3577200839,98040,TORREGROTTA,ME,MESSINA,"38,19153229","15,35185291"
parafarmacia zaffonte.c,"Via Garibaldi, 288",4883380877,95046,PALAGONIA,CT,CATANIA,"37,32249502","14,74433002"
Vivisalute Lazzaretto,"Via Lazzaretto, 32",5533000872,95024,ACIREALE,CT,CATANIA,"37,6221378","15,151215"
Vivisalute Capomulini,"Via Nazionale per Catania, 183",5533000872,95024,ACIREALE,CT,CATANIA,"37,5826262","15,1700312"
FACES SRL,"Via GIUSEPPE SCIUTI, 104 I / L",6770080825,90144,PALERMO,PA,PALERMO,"38,13624434","13,3403635"
Parafarmacia dott. Ieni,"Via Aldo Moro, 29/b",3061560839,98060,TRIPI,ME,MESSINA,"38,073254","15,09916"
Dr. Messina Vincenzo,"Viale DEI PLATANI, 71",1577910886,97100,RAGUSA,RG,RAGUSA,"36,9221351","14,717808"
PARAFARMACIA PORTALI FARMISSIMA,"Viale Cristoforo Colombo c/o Parco Commerciale ""Portali""",5609410872,95030,SAN GIOVANNI LA PUNTA,CT,CATANIA,"37,5836804","15,1048674"
Ditta individuale,"Corso Vittorio Emanuele, 180",5500300875,95042,GRAMMICHELE,CT,CATANIA,"37,2152996","14,6360561"
FARMAOFFICINA S.A.S.,"Corso delle province, 120",2941270841,95129,CATANIA,CT,CATANIA,"37,5188189","15,0923824"
Parafarmacia Sberna,Via S.Giuseppe,3381580830,98076,SANT'AGATA DI MILITELLO,ME,MESSINA,"38,06853406","14,63322686"
FARMAMIA,"Piazza Don Diego, 41",3592770832,95030,PEDARA,CT,CATANIA,"37,619296","15,06057"
PARAFARMACIA URSO,"Via VITTORIO EMANUELE, 203/A",5505960871,95038,SANTA MARIA DI LICODIA,CT,CATANIA,"37,6148461","14,8903782"
PARAFARMAGIOIA DI GRADANTE GIUSEPPE SRLS,"Via S. ORSOLA, 31-33",2030620898,96100,SIRACUSA,SR,SIRACUSA,"37,0964886","15,2721641"
FARMASERVICE SOCIETA' A RESPONSABILITA' LIMITATA SEMPLIFICATA,"Via Crocifisso a Pietratagliata, 19",6608240823,90135,PALERMO,PA,PALERMO,"38,1021455","13,3223279"
ZOO SERVICE SRL parafarmacia,"Via crocifisso a pietratagliata, 19",6439220820,90135,PALERMO,PA,PALERMO,"38,1021455","13,3223279"
Virz Antonella,"Via Francesco Lo Jacono, 35",6765060824,90144,PALERMO,PA,PALERMO,"38,1331395","13,3453681"
Parafarmacia via Mandorle di Tabuso Carmen,"Via Mandorle, 45",5710710871,95024,ACIREALE,CT,CATANIA,"37,6036297","15,1625179"
PARAFARMACIA NAXOS SRL,"Via Naxos, 245",3595000831,98035,GIARDINI-NAXOS,ME,MESSINA,"37,8252604","15,2692879"
PHARMASAN SNC DI CASTRO MARIA E GUERCIO SIMONE,"Via GRAMSCI, 45",2012830895,96013,CARLENTINI,SR,SIRACUSA,"37,296498","15,007678"
VETERFARMACI DI MANGIONE IOLANDA,"Viale VIAREGGIO, 20",2968540845,92100,AGRIGENTO,AG,AGRIGENTO,"37,2658435","13,5815913"
bl vet srl,"Via terrasanta, 20/22",6730090823,90141,PALERMO,PA,PALERMO,"38,1284532","13,3456254"
FARMATEK SRL,"Viale Viale Vittorio Veneto 64, 64",4515460873,95127,CATANIA,CT,CATANIA,"37,5199248","15,0968219"
Parafarmacia della Marina,"Via Salita Partanna, 1",6855690829,90133,PALERMO,PA,PALERMO,"38,1170627","13,3681779"
PARAFARMACIA BIOGALENICA DELLA DOTT.SSA MARIAGRAZIA BELFIORE,"Via DON TOMMASO LEONARDI, 29",5744000877,95014,GIARRE,CT,CATANIA,"37,729115","15,187812"
TAOFARMA S.R.L.,"Viale San Pancrazio, 12",3607200833,95039,TAORMINA,ME,MESSINA,"37,854829","15,2889409"
FC SERVICES S.R.L.,Via NECROPOLI DEL FUSCO,2076680897,96100,SIRACUSA,SR,SIRACUSA,"37,0693508","15,2653598"
Scarcella Tiziana,"Via Conte Agostino Pepoli, 36",2762410815,91100,TRAPANI,TP,TRAPANI,"38,0200133","12,5359302"
PARAFARMACIA DEL CENTRO,"Piazza MATTEOTTI, 9-10",3459150839,98071,CAPO D'ORLANDO,ME,MESSINA,"38,161556","14,74566"
Parafarmacia Vizzini,"Via Archimede, 23",6847450829,90015,CEFALU',PA,PALERMO,"38,03596531","14,01855988"
PARAFARMACIA VEGA S.R.L.,"Via Piemonte, snc",2943700845,92013,MENFI,AG,AGRIGENTO,"37,57613658","12,90605989"
Pillsfarmaci di Cettinagaia Gulizia,"Piazza Mancini Battaglia, 22",5712370872,95100,CATANIA,CT,CATANIA,"37,5309247","15,1117587"
Parafarmacia Katane,"Via Quasimodo, 1",5749550876,95030,GRAVINA DI CATANIA,CT,CATANIA,"37,5519973","15,0679632"
FARMARINA,"Viale MEDITERRANEO, 36/38",1049760885,97015,MODICA,RG,RAGUSA,"36,7123565","14,7760609"
PARAFARMACIA TIVOLI,"Piazza TIVOLI, 27",5749550876,95030,TREMESTIERI ETNEO,CT,CATANIA,"37,5405372","15,0998583"
rao farmaceutici srl,"Via salerno, 1",6349600822,90047,PARTINICO,PA,PALERMO,"38,0432539","13,1238277"
PARAFARMACIA CONAD,"Via Giuseppe Lanza di Scalea, 1963",1967130541,90146,PALERMO,PA,PALERMO,"38,1834016","13,3085605"
Hobbyzoo,"Via Barriera del Bosco, 16/H-I-L-M",5474350872,95030,SANT'AGATA LI BATTIATI,CT,CATANIA,"37,5459317","15,0799917"
Reformhaus di Losi Lia Maria Innocenza,"Via Quieta, 23/A",5602670878,95128,CATANIA,CT,CATANIA,"37,5231246","15,0846682"
PARAFARMACIA DOTT.SSA LA BARBERA SERENA MARIA,"Via CAVORU, 24",6856260820,90030,ALTOFONTE,PA,PALERMO,"38,044043","13,2987295"
SERVIZI E SALUTE S.A.S.DEL DOTT LISTRO ORAZIO,"Via DELL' ORSA MINORE, 272/274",6898540825,90100,PALERMO,PA,PALERMO,"38,092435","13,3658337"
Natura&Pharma,"Via Vittorio Emanuele Orlando, 28",4744390875,95129,CATANIA,CT,CATANIA,"37,51577","15,09317"
PARAFARMACIA MALICA 1,"Via consolare antinca, 198",3515810830,98071,CAPO D'ORLANDO,ME,MESSINA,"38,1473104","14,7366044"
PA- 423555,"Via FRANCESCO LO JACONO, 35",6897210826,90144,PALERMO,PA,PALERMO,"38,1331395","13,3453681"
Hobbyzoo,"Via Lazzaretto, 24",5474350872,95024,ACIREALE,CT,CATANIA,"37,6241071","15,1495096"
KARMA SANITARIA,"Via ROSARIO LIVATINO, 54",1219110861,94100,ENNA,EN,ENNA,"37,5549226","14,2972419"
Parafarmacia Libertà,"Viale della Libertà, 172",4544400874,95129,CATANIA,CT,CATANIA,"37,5140189","15,0977889"
PARAFARMACIA RAVANUSA Sas,"Via DEGLI ULIVI, 3/O",5810680875,95030,TREMESTIERI ETNEO,CT,CATANIA,"37,5702098","15,0824792"
NOVAFARMA S.R.L.S.,"Viale delle Olimpiadi, 81 E/F/G",1285080865,94100,ENNA,EN,ENNA,"37,55276194","14,29631482"
PARAFARMACIA DR. DI MARIA DI EUGENIO ANGELO DI MARA,"Via Vittorio Emanuele, 176-178",5361130874,95046,PALAGONIA,CT,CATANIA,"37,328401","14,747528"
Parafarmacia Mattina,"Via Fratelli Vasapolli, 235",1220090862,94012,BARRAFRANCA,EN,ENNA,"37,3756113","14,2020408"
Parafarmacia Farmastella,"Via Santa Maria la Stella, 2",5827430876,95025,ACI SANT'ANTONIO,CT,CATANIA,"37,6259136","15,1317659"
Parafarmacia I Portici Dott.ssa Gabriella Saitta,"Via Umberto, 30",5699830872,95030,SANT'AGATA LI BATTIATI,CT,CATANIA,"37,5557049","15,0811764"
Parafarmacia Dott. Germano Pierpaolo,"Via Verdi, 9",1577560897,97017,SANTA CROCE CAMERINA,RG,RAGUSA,"36,8284661","14,5241063"
Parafarmacia,"Via Francavilla, 65",3646570832,98039,TAORMINA,ME,MESSINA,"37,8283985","15,2542468"
Amica Natura,"Via Umberto I, 416",3280560834,98027,ROCCALUMERA,ME,MESSINA,"37,974942","15,3933745"
PARAFARMACIA BENESSERE E SALUTE S.R.L.,"Via GIOVANNI VERGA, 15",5834760877,95043,MILITELLO IN VAL DI CATANIA,CT,CATANIA,"37,2765169","14,7934004"
PARAFARMACIA S. FOCA' SOCIETA' A RESPONSABILITA' LIMITATA SEMPLIFICATA (S.R.L.S.),"Via DORA, 14",2049090893,96010,PRIOLO GARGALLO,SR,SIRACUSA,"37,1485869","15,1876633"
FARMAROMA,"Via ROMA, 162",2030570895,97100,RAGUSA,RG,RAGUSA,"36,9247119","14,7280088"
Parafarmacia dott.ssa Caty,"Strada OGNINA, 47",1578230896,96100,SIRACUSA,SR,SIRACUSA,"36,9904744","15,2617719"
PARAFARMACIA FARMALIFE,"Via REGINA ELENA, 203",3526390830,98121,MESSINA,ME,MESSINA,"38,2127793","15,5587204"
PharmeSi,"Via Madonna della via, 53/57",5849370878,95041,CALTAGIRONE,CT,CATANIA,"37,22699","14,522932"
PARAFARMACIA DOTT.SSA CATENA RAGUSA,"Via VITTORIO EMANUELE, 226",3468750835,98037,LETOJANNI,ME,MESSINA,"37,8807063","15,3068989"
Parafarmacia Trigila,"Viale Dante Alighieri, 12/b",4736801210,96010,PALAZZOLO ACREIDE,SR,SIRACUSA,"37,0599587","14,9095478"
LA MIA PARAFARMACIA DI CRISAFI DANIELA,"Corso CALATAFIMI, 957",6965920827,90129,PALERMO,PA,PALERMO,"38,1000476","13,3224813"
NUOVA PARAFARMACIA TOSCANO SRLS,"Via BRUNO BUOZZI, 09",5635860876,95031,ADRANO,CT,CATANIA,"37,6607436","14,8336919"
SANITARIA DEL CORSO,"Corso UMBERTO, 35",1270960865,94013,LEONFORTE,EN,ENNA,"37,6356019","14,3895922"
parafarmacia gala,"Via messina, 345",5794500875,95126,CATANIA,CT,CATANIA,"37,5205666","15,1061388"
V.V. PHARMA S.R.L.,"Corso Vittorio Emanuele, 95",1731100895,96010,SOLARINO,SR,SIRACUSA,"37,099409","15,1219399"
Farmapoint di Salvatore Scianna,"Contrada solfarelli, snc",5639950822,90010,CAMPOFELICE DI ROCCELLA,PA,PALERMO,"37,99355178","13,8813906"
Rubuano Luigi srl,"Via umberto, 10/a",3537340832,98070,MIRTO,ME,MESSINA,"38,0843087","14,7493828"
Parafarmacia Dr. Valvo,"Viale Mario Giardino, 24",2062220898,96010,SORTINO,SR,SIRACUSA,"37,1639546","15,0373173"
PILLOLE DI BELLEZZA SRL,"Viale VITTORIO VENETO, 190",5872160873,95127,CATANIA,CT,CATANIA,"37,5264304","15,0959759"
farmaservice srls farmacia veterinaria,"Stradastatale km 281, 220",6608240823,90040,CARINI,PA,PALERMO,"38,1311611","13,1812609"
parafarmacia cassaro antonella,"Via SS 113, KM 181,2",6030030826,90044,CARINI,PA,PALERMO,"38,161093","13,206085"
Parafarmacia Rabbone SRLS,"Via Nazionale, 177",3420310835,98070,CAPRI LEONE,ME,MESSINA,"38,10977819","14,70956517"
TIMAD,"Via Dante, 77",6968430824,90011,BAGHERIA,PA,PALERMO,"38,0837931","13,5018799"
PARAFARMACIA KAMARINA,"Via LIVORNO ANG VIA NAPOLI, SNC",1770400883,97019,VITTORIA,RG,RAGUSA,"36,891774","14,4331278"
Parafarmacia Europa,"Strada Carcara, 52/A",5276450870,95027,SAN GREGORIO DI CATANIA,CT,CATANIA,"37,5723454","15,1120526"
PARAFARMACIA GROTTE BIANCHE,"Via GROTTE BIANCHE, 44",5893050871,95129,CATANIA,CT,CATANIA,"37,5118772","15,0882953"
I. FEDERICO,"Via I. FEDERICO, 14/A",6749600828,90143,PALERMO,PA,PALERMO,"38,1451797","13,3468066"
Pharm Messina srl,"Via Risorgimento, 8",1282680881,97015,MODICA,RG,RAGUSA,"36,8409697","14,7684567"
"Orchidea Farma ""Forum""","Via FILIPPO PECORAINO, SNC",2043310891,90124,PALERMO,PA,PALERMO,"38,0939074","13,4024854"
"ORCHIDEA FARMA ""LA TORRE""","Via ASSORO, SNC",2043310891,90135,PALERMO,PA,PALERMO,"38,1327045","13,3007158"
"Orchidea Farma ""Corolla""","Via FIRENZE, SNC",2043310891,98057,MILAZZO,ME,MESSINA,"38,1860913","15,2689009"
"Orchidea Farma ""Katanè""","Via QUASIMODO, 1",2043310891,95030,GRAVINA DI CATANIA,CT,CATANIA,"37,5513166","15,0688914"
"Orchidea Farma ""Le Zagare""","Contrada BOTTAZZI, SNC",2043310891,95037,SAN GIOVANNI LA PUNTA,CT,CATANIA,"37,5782757","15,0947724"
Parafarmacia dottssa Bovini Floriana,"Via Piave, 22",1776060889,97013,COMISO,RG,RAGUSA,"36,9408713","14,5956052"
PARAFARMACIA LOIACONO DOTT.SSA PIERA,"Via SAN LEONARDO, 46",2816800813,91018,SALEMI,TP,TRAPANI,"37,8262978","12,8053958"
PARAFARMACIA DOTT. MORTELLITI,"Via TENENTE MINNITI, 90",2930700832,98057,MILAZZO,ME,MESSINA,"38,2207102","15,2419327"
PARAFARMACIA ITALIA,"Via ITALIA, 40",1892150895,96100,SIRACUSA,SR,SIRACUSA,"37,0924126","15,2775166"
PARAFARMACIA MAPA SRL,"Viale CENTONZE, 69",3696200835,98123,MESSINA,ME,MESSINA,"38,1864827","15,5540085"
FARMACIA SALUS ET OFFICIA SRL,"Via GASPARE AMODEO, 36",3695540835,98060,MESSINA,ME,MESSINA,"38,1237725","15,0606906"
PARAFARMACIA SCALEA,"Via LANZA DI SCALEA, 582-642-724",6804080825,90100,PALERMO,PA,PALERMO,"38,1715036","13,3135687"
PARAFARMACIA CONAD,"Via FILICUDI, 10",3687360838,98051,BARCELLONA POZZO DI GOTTO,ME,MESSINA,"38,1506436","15,1906867"
Parafarmacia Trieste,"Viale Trieste, 131/I-L-M",2095080855,93100,CALTANISSETTA,CL,CALTANISSETTA,"37,4945466","14,0535585"
Parafarmacia farmaestetica,"Via Giacomo Restivo, 69",6226100821,90011,BAGHERIA,PA,PALERMO,"38,0835062","13,5107516"
PHARMA NAXOS SRLS,"Via CASARSA, 42",3702060835,98035,GIARDINI-NAXOS,ME,MESSINA,"37,8268839","15,2677334"
BNIN DI ROSALINDA BRUSCA,"Via SAMPOLO, 358/360/362",6940520825,90143,PALERMO,PA,PALERMO,"38,1413864","13,3501164"
PHARMACOO srl,"Via DUCA DELLA VERDURA, 6/A",2336220682,90143,PALERMO,PA,PALERMO,"38,1182858","13,3406284"
IGEA FARMA s.r.l.,"Via Luigi Pirandello, 25",3693600839,98039,TAORMINA,ME,MESSINA,"37,8545321","15,2895349"
HELLO PHARMA SRLS,"Via VULCANO, SNC",3699980839,98055,LIPARI,ME,MESSINA,"38,390608","14,9680914"
PARAFARMACIA dott.ssa Ludovica Calabrese,"Via PLEBISCITO, 48",1787660883,97019,VITTORIA,RG,RAGUSA,"36,8924888","14,4293347"
PARAFARMACIA IGEA,"Via CHIANCHITTA, 106",3695660831,98035,GIARDINI-NAXOS,ME,MESSINA,"37,8246946","15,2559417"
FARMAVET SRLS,"Piazza UNITA' D'ITALIA, 13",7042730825,90144,PALERMO,PA,PALERMO,"38,138324","13,3440001"
PARAFARMACIA DI DI STEFANO LAURA,"Via VITTORIO EMANUELE, 432",2080280890,96010,CANICATTINI BAGNI,SR,SIRACUSA,"37,0303417","15,0679604"
PARAFARMACIA TENDENZA ROSSANA DI ORLANDO ROSSANA,"Contrada CRESTA, 334",2819060837,98074,NASO,ME,MESSINA,"38,13053259","14,76438176"
PARAFARMACIA LA TORRE,"Via ASSORO, 25",4063640827,90135,PALERMO,PA,PALERMO,"38,1328722","13,3006896"
PARAFARMACIA KAMARINA,"Via CARDUCCI, 68",1770400883,97011,ACATE,RG,RAGUSA,"37,0230296","14,4953456"
PARAFARMACIA DELLA DR.SSA STEFANIA CANTELLI,"Corso HO CHI MIN ANGOLO VIA DEGLI ACERI, 115/2",1664030887,97013,COMISO,RG,RAGUSA,"36,9547872","14,6033273"
FARMALANDA SRL,"Via DANTE ALIGHIERI, 4",6732100828,90011,BAGHERIA,PA,PALERMO,"38,0845047","13,5057612"
Parafarmacia Costanza,"Via DEGLI EUCALIPTI, 29",1790240889,97013,COMISO,RG,RAGUSA,"36,9564774","14,6047897"
"Orchidea Farma ""Lentini""","Via Etnea angolo Viale Kennedy, snc",2043310891,96016,LENTINI,SR,SIRACUSA,"37,30004693","15,00157277"
ORTOPEDIA PARAFARMACIA SRLS,"Via VIA PAPA SERGIO I, 60",7040050820,90142,PALERMO,PA,PALERMO,"38,1526195","13,3704391"
Farmaofficina,"Via Gabriele D¿Annunzio, 216-218",2941270841,95127,CATANIA,CT,CATANIA,"37,5181209","15,0978334"
Parafarmacia Ohana,"Corso butera, 127 a/b",7079470824,90011,BAGHERIA,PA,PALERMO,"38,08685","13,505462"
PHARBENE S.R.L.,"Corso RAFFAELLO, 17",5957820870,95030,MASCALUCIA,CT,CATANIA,"37,5746097","15,0547125"
SMS VET S.R.L.,"Via Carrubella, 8",5961320875,95123,CATANIA,CT,CATANIA,"37,54027868","15,05930036"
Parafarmacia Health Care,"Via Campobello, 130/132",3053640847,92027,LICATA,AG,AGRIGENTO,"37,1114263","13,9302374"
PARAFARMACIA DAC,"Via CARLO ALBERTO DALLA CHIESA, 7",1233930864,94010,CATENANUOVA,EN,ENNA,"37,5630284","14,6889621"
Farmaservice farmacia veterinaria,"Via Dell'Olimpo, 30/F",6608240823,90147,PALERMO,PA,PALERMO,"38,18861766","13,30549279"
LEONARDI MARTINA,"Piazza Piazza Chiesa Madre, 26",5975940874,95030,SANT'AGATA LI BATTIATI,CT,CATANIA,"37,5591227","15,0816005"
Parafarmacia e Farmacia Veterinaria IGEA della Dott.ssa Quagliano Graziana,"Corso Umberti I, 270",1309320867,94013,LEONFORTE,EN,ENNA,"37,6399473","14,3938981"
PARAFARMACIA,"Corso MESSINA, 11",5993550879,95014,GIARRE,CT,CATANIA,"37,7304678","15,1886531"
Parafarmacia Mongiove della Dott.ssa Cardone Deborah,"Via Umberto I, 30",3735930830,98066,PATTI,ME,MESSINA,"38,14798714","15,01449741"
PARAFARMACIA SAN PIO DI G.S.A.,"Via MACHIAVELLI, 72-74-76",1243720867,94015,PIAZZA ARMERINA,EN,ENNA,"37,3770414","14,36839"
PARAFARMACIA528,"Piazza BARBARINO COSTANZO, 47",6599370829,90129,PALERMO,PA,PALERMO,"38,1006977","13,3349768"
